Year,Rank,Country,Life evaluation,Change (since 2012),Inequality,Social support,GDP per capita,Healthy Life Expectancy ,Freedom,Generosity,Perceptions of corruption,Positive emotions,Negative emotions,Donated,Volunteered,Helped a stranger,Continent,Region
2024,1,Finland,7.736,0.347,2,2,15,18,4,56,2,25,7,56,75,77,Europe,Western Europe
2024,2,Denmark,7.521,-0.172,28,4,5,15,10,31,4,11,35,31,60,70,Europe,Western Europe
2024,3,Iceland,7.515,0.16,5,1,8,4,3,5,31,8,8,5,66,102,Europe,Western Europe
2024,4,Sweden,7.345,-0.135,11,27,12,7,21,20,5,23,24,20,78,71,Europe,Western Europe
2024,5,Netherlands,7.306,-0.206,1,28,6,49,41,9,11,41,34,9,46,128,Europe,Western Europe
2024,6,Costa Rica,7.274,0.017,58,36,50,29,13,115,70,9,75,115,84,60,North America,North America
2024,7,Norway,7.262,-0.393,17,19,2,5,17,18,8,29,46,18,25,92,Europe,Western Europe
2024,8,Israel,7.234,-0.067,15,13,25,9,87,19,32,100,80,19,49,63,Asia,Asia
2024,9,Luxembourg,7.122,0.068,5,35,1,6,18,28,9,41,23,28,28,121,Europe,Western Europe
2024,10,Mexico,6.979,-0.109,71,61,57,79,27,104,59,6,14,104,81,44,North America,North America
2024,11,Australia,6.974,-0.376,36,42,13,12,49,22,19,51,72,22,40,28,Oceania,Oceania
2024,12,New Zealand,6.952,-0.269,32,24,24,17,32,25,6,26,45,25,27,41,Oceania,Oceania
2024,13,Switzerland,6.935,-0.715,3,20,3,6,20,12,3,54,13,12,52,126,Europe,Western Europe
2024,14,Belgium,6.91,-0.057,4,31,11,20,26,48,14,58,37,48,61,114,Europe,Western Europe
2024,15,Ireland,6.889,-0.187,8,22,1,16,33,3,10,50,44,3,24,76,Europe,Western Europe
2024,16,Lithuania,6.829,1.403,27,3,27,52,62,92,87,69,20,92,115,84,Europe,Eastern Europe
2024,17,Austria,6.81,-0.559,18,25,10,19,54,7,18,62,32,7,48,85,Europe,Western Europe
2024,18,Canada,6.803,-0.674,44,35,16,21,68,27,15,56,92,27,22,43,North America,North America
2024,19,Slovenia,6.792,0.732,29,6,23,23,8,40,79,95,57,40,33,123,Europe,Eastern Europe
2024,20,Czechia,6.775,0.485,34,9,26,36,31,44,73,34,71,44,57,61,Europe,Eastern Europe
2024,21,United Arab Emirates,6.759,-0.385,63,92,7,30,14,23,62,80,58,23,14,68,Asia,Asia
2024,22,Germany,6.753,0.081,31,37,9,24,56,14,9,67,40,14,47,73,Europe,Western Europe
2024,23,United Kingdom,6.728,-0.155,7,44,20,25,35,6,16,45,49,6,36,91,Europe,Western Europe
2024,24,United States,6.724,-0.358,13,12,4,56,115,16,37,30,51,16,15,22,North America,North America
2024,25,Belize,6.711,0.0,99,57,83,49,1,96,92,13,16,96,37,21,North America,North America
2024,26,Poland,6.673,0.851,6,34,30,40,37,114,52,113,5,114,126,141,Europe,Eastern Europe
2024,27,Taiwan Province of China,6.669,0.448,33,33,21,49,74,34,42,53,4,34,106,86,Asia,Asia
2024,28,Uruguay,6.661,0.306,48,17,46,45,18,83,29,27,60,83,105,40,South America,South America
2024,29,Kosovo,6.659,1.437,41,70,77,49,28,17,69,74,58,17,130,51,Europe,Eastern Europe
2024,30,Kuwait,6.629,0.114,125,87,29,17,42,41,62,91,94,41,110,27,Asia,Asia
2024,31,Serbia,6.606,1.793,45,29,51,57,66,36,61,117,26,36,137,129,Europe,Eastern Europe
2024,32,Saudi Arabia,6.6,0.12,65,59,17,38,48,35,62,43,38,35,90,47,Asia,Asia
2024,33,France,6.593,-0.171,10,41,18,14,84,45,22,76,47,45,38,130,Europe,Western Europe
2024,34,Singapore,6.565,0.019,16,53,2,1,55,24,1,60,28,24,30,65,Asia,Asia
2024,35,Romania,6.563,1.53,46,81,34,58,38,117,126,70,55,117,135,107,Europe,Eastern Europe
2024,36,Brazil,6.494,-0.355,79,56,62,75,59,71,66,49,90,71,88,50,South America,South America
2024,37,El Salvador,6.492,0.683,98,100,86,73,11,133,20,16,76,133,86,118,North America,North America
2024,38,Spain,6.466,0.144,9,16,22,8,88,32,33,78,89,32,79,48,Europe,
2024,39,Estonia,6.417,0.991,30,23,35,32,52,39,13,32,25,39,73,95,Europe,Eastern Europe
2024,40,Italy,6.415,0.394,19,52,19,13,103,89,112,103,62,89,100,119,Europe,
2024,41,Panama,6.407,-0.736,93,38,41,33,44,124,116,3,48,124,102,111,North America,North America
2024,42,Argentina,6.397,-0.165,38,21,52,49,47,112,75,28,59,112,111,55,South America,South America
2024,43,Kazakhstan,6.378,0.707,25,18,42,77,57,49,64,119,3,49,116,136,Asia,Asia
2024,44,Guatemala,6.362,0.397,131,94,84,89,22,106,74,2,85,106,45,96,North America,North America
2024,45,Chile,6.361,-0.226,53,43,47,28,63,75,85,21,73,75,104,31,South America,South America
2024,46,Viet Nam,6.352,0.819,20,49,78,41,2,129,39,48,2,129,123,98,Asia,Asia
2024,47,Nicaragua,6.33,0.823,112,60,98,50,39,82,17,14,91,82,51,82,North America,North America
2024,48,Malta,6.316,0.352,43,26,22,11,50,15,67,88,109,15,53,103,Europe,
2024,49,Thailand,6.222,-0.149,67,50,59,37,16,8,120,12,36,8,74,87,Asia,Asia
2024,50,Slovakia,6.221,0.252,12,5,37,47,80,80,95,83,33,80,97,133,Europe,Eastern Europe
2024,51,Latvia,6.207,1.161,39,8,38,59,64,66,88,73,53,66,122,124,Europe,Eastern Europe
2024,52,Oman,6.197,-0.656,121,71,40,49,25,29,62,37,43,29,77,17,Asia,Asia
2024,53,Uzbekistan,6.193,0.57,87,30,90,65,6,33,27,22,42,33,113,109,Asia,Asia
2024,54,Paraguay,6.172,0.393,110,32,72,84,30,84,108,5,41,84,29,53,South America,South America
2024,55,Japan,6.147,0.083,47,48,28,2,79,130,41,64,9,130,103,142,Asia,Asia
2024,56,Bosnia and Herzegovina,6.136,1.323,66,47,60,46,89,28,124,96,69,28,120,117,Europe,Eastern Europe
2024,57,Philippines,6.107,1.122,104,68,89,93,19,91,78,7,103,91,4,20,Asia,
2024,58,Republic of Korea,6.038,-0.229,69,84,21,3,104,55,54,111,70,55,83,108,Asia,Asia
2024,59,Bahrain,6.03,0.718,108,76,14,62,15,30,62,66,84,30,64,37,Asia,Asia
2024,60,Portugal,6.013,0.912,57,51,32,22,40,111,122,82,83,111,118,112,Europe,
2024,61,Colombia,6.004,-0.412,105,55,66,44,73,131,110,15,64,131,112,122,South America,South America
2024,62,Ecuador,5.965,0.1,84,97,76,51,70,122,91,10,110,122,107,121,South America,South America
2024,63,Honduras,5.964,0.822,128,95,103,90,45,69,96,19,86,69,50,42,North America,North America
2024,64,Malaysia,5.955,0.195,76,91,45,55,9,11,72,36,54,11,23,62,Asia,Asia
2024,65,Peru,5.947,0.171,89,78,73,69,91,128,129,20,112,128,101,113,South America,South America
2024,66,Russian Federation,5.945,0.481,75,65,33,83,101,58,65,112,19,58,85,72,Europe,Eastern Europe
2024,67,Cyprus,5.942,-0.524,55,88,29,10,122,67,128,87,97,67,65,79,Europe,
2024,68,China,5.921,0.943,85,98,56,26,65,105,62,68,27,105,80,131,Asia,Asia
2024,69,Hungary,5.915,1.14,50,7,36,48,117,57,115,90,31,57,119,35,Europe,Eastern Europe
2024,70,Trinidad and Tobago,5.905,-0.614,82,58,40,78,82,38,133,24,104,38,31,5,North America,Caribbean
2024,71,Montenegro,5.877,0.578,26,39,48,42,61,99,44,124,65,99,138,137,Europe,Eastern Europe
2024,72,Croatia,5.87,0.209,23,10,31,31,124,119,97,106,39,119,129,139,Europe,Eastern Europe
2024,73,Jamaica,5.87,0.496,109,49,90,76,48,99,108,49,61,99,25,13,North America,Caribbean
2024,74,Bolivia,5.868,0.011,96,86,92,98,76,127,98,42,123,127,96,116,South America,South America
2024,75,Kyrgyzstan,5.858,0.816,24,14,102,64,5,42,77,81,17,42,67,56,Asia,Asia
2024,76,Dominican Republic,5.846,0.883,133,46,53,63,36,101,34,31,63,101,41,36,North America,Caribbean
2024,77,Mongolia,5.833,0.999,54,11,69,80,113,26,107,110,10,26,21,135,Asia,Asia
2024,78,Mauritius,5.832,0.355,81,62,49,61,71,70,46,55,6,70,35,99,Africa,Africa
2024,79,Libya,5.82,0.48,56,82,81,87,77,77,23,105,81,77,99,90,Africa,Africa
2024,80,Republic of Moldova,5.819,0.028,60,72,70,81,51,116,125,93,78,116,121,78,Europe,Eastern Europe
2024,81,Greece,5.776,0.341,59,77,39,27,136,132,113,109,96,132,82,83,Europe,
2024,82,Venezuela,5.683,-1.356,97,89,116,74,102,88,36,35,108,88,9,2,South America,South America
2024,83,Indonesia,5.617,0.269,100,74,75,85,24,1,123,4,77,1,1,46,Asia,Asia
2024,84,Algeria,5.571,0.149,22,69,74,39,75,123,42,131,30,123,127,69,Africa,Africa
2024,85,Bulgaria,5.554,1.573,40,15,44,71,83,85,130,108,15,85,141,104,Europe,Eastern Europe
2024,86,North Macedonia,5.503,0.929,51,54,54,60,119,46,131,135,61,46,133,132,Europe,Eastern Europe
2024,87,Armenia,5.494,1.178,70,93,61,53,60,136,51,128,138,136,134,97,Asia,Asia
2024,88,Hong Kong SAR of China,5.491,-0.032,21,64,10,49,90,54,7,120,18,54,89,115,Asia,Asia
2024,89,Albania,5.411,-0.139,95,111,65,35,34,72,114,115,87,72,140,105,Europe,Eastern Europe
2024,90,Tajikistan,5.411,1.031,14,40,112,67,66,134,12,39,23,134,11,58,Asia,Asia
2024,91,Georgia,5.4,1.213,49,85,55,70,48,141,43,114,11,141,98,67,Asia,
2024,92,Nepal,5.311,1.155,116,105,110,89,78,76,93,138,100,76,55,100,Asia,Asia
2024,93,Lao PDR,5.301,0.514,90,119,97,87,29,43,28,65,82,43,117,138,Asia,Asia
2024,94,Türkiye,5.262,-0.083,37,73,43,42,140,107,94,142,101,107,128,120,Asia,
2024,95,South Africa,5.213,0.25,127,80,79,114,96,121,106,46,56,121,76,74,Africa,Africa
2024,96,Mozambique,5.19,0.219,140,102,133,117,100,97,38,99,127,97,34,81,Africa,Africa
2024,97,Gabon,5.12,1.006,111,99,64,101,99,110,84,92,130,110,108,11,Africa,Africa
2024,98,Côte d’Ivoire,5.102,0.0,106,133,101,49,112,79,40,71,106,79,72,26,Africa,Africa
2024,99,Iran,5.093,0.45,78,75,71,54,132,13,57,127,136,13,109,19,Asia,Asia
2024,100,Congo,5.03,0.733,139,134,105,105,111,113,58,130,133,113,59,23,Africa,Africa
2023,1,Finland,7.741,0.352,4,6,20,18,4,49,3,48,8,49,72,99,Europe,Western Europe
2023,2,Denmark,7.583,-0.11,12,18,7,15,14,32,2,20,36,32,65,84,Europe,Western Europe
2023,3,Iceland,7.525,0.17,3,1,10,4,16,4,45,11,14,4,63,127,Europe,Western Europe
2023,4,Sweden,7.344,-0.136,19,15,15,7,12,23,6,33,19,23,105,89,Europe,Western Europe
2023,5,Israel,7.341,0.04,37,4,28,9,72,25,27,132,141,25,45,74,Asia,Asia
2023,6,Netherlands,7.319,-0.193,2,19,8,49,54,11,12,61,24,11,32,128,Europe,Western Europe
2023,7,Norway,7.302,-0.353,8,5,4,5,7,10,4,22,34,10,35,113,Europe,Western Europe
2023,8,Luxembourg,7.122,0.068,6,43,1,6,18,33,9,27,20,33,34,126,Europe,Western Europe
2023,9,Switzerland,7.06,-0.59,20,26,5,6,31,27,5,31,13,27,53,133,Europe,Western Europe
2023,10,Australia,7.057,-0.293,28,28,16,12,36,16,15,36,52,16,27,31,Oceania,Oceania
2023,11,New Zealand,7.029,-0.192,13,11,27,17,35,19,7,34,35,19,26,83,Oceania,Oceania
2023,12,Costa Rica,6.955,-0.302,55,45,55,29,8,80,67,9,69,80,77,24,North America,North America
2023,13,Kuwait,6.951,0.436,38,35,32,17,30,26,62,38,27,26,23,70,Asia,Asia
2023,14,Austria,6.905,-0.464,15,46,12,19,38,12,20,49,44,12,68,117,Europe,Western Europe
2023,15,Canada,6.9,-0.577,42,27,19,21,56,15,14,40,81,15,25,46,North America,North America
2023,16,Belgium,6.894,-0.073,7,29,14,20,41,34,19,41,50,34,59,98,Europe,Western Europe
2023,17,Ireland,6.838,-0.238,16,16,3,16,23,9,11,32,48,9,42,88,Europe,Western Europe
2023,18,Czechia,6.822,0.532,26,14,30,36,20,43,96,28,56,43,67,67,Europe,Eastern Europe
2023,19,Lithuania,6.818,1.392,27,42,33,52,105,124,60,130,23,124,126,137,Europe,Eastern Europe
2023,20,United Kingdom,6.749,-0.134,23,38,23,25,37,8,17,46,68,8,57,102,Europe,Western Europe
2023,21,Slovenia,6.743,0.683,33,22,29,23,10,41,59,95,59,41,50,123,Europe,Eastern Europe
2023,22,United Arab Emirates,6.733,-0.411,47,92,9,30,32,18,62,77,82,18,19,54,Asia,Asia
2023,23,United States,6.725,-0.357,60,53,6,56,110,14,50,55,70,14,15,11,North America,North America
2023,24,Germany,6.719,0.047,11,32,13,24,58,31,13,56,39,31,55,94,Europe,Western Europe
2023,25,Mexico,6.678,-0.41,58,51,61,79,42,99,64,8,41,99,87,68,North America,North America
2023,26,Uruguay,6.611,0.256,51,25,50,45,22,72,35,24,64,72,93,33,South America,South America
2023,27,France,6.609,-0.155,17,61,22,14,80,47,22,67,33,47,39,138,Europe,Western Europe
2023,28,Saudi Arabia,6.594,0.114,61,40,21,38,48,39,62,35,45,39,71,25,Asia,Asia
2023,29,Kosovo,6.561,1.339,65,78,81,49,28,17,86,64,58,17,133,71,Europe,Eastern Europe
2023,30,Singapore,6.523,-0.023,9,17,2,1,48,5,1,72,17,5,12,14,Asia,Asia
2023,31,Taiwan Province of China,6.503,0.282,25,49,21,49,74,38,28,29,1,38,83,72,Asia,Asia
2023,32,Romania,6.491,1.458,67,72,39,58,52,114,127,90,66,114,139,109,Europe,Eastern Europe
2023,33,El Salvador,6.469,0.66,118,96,88,73,6,110,18,6,89,110,49,69,North America,North America
2023,34,Estonia,6.448,1.022,14,2,36,32,17,45,8,16,11,45,88,103,Europe,Eastern Europe
2023,35,Poland,6.442,0.62,5,34,35,40,81,127,36,111,5,127,135,141,Europe,Eastern Europe
2023,36,Spain,6.421,0.099,22,20,31,8,77,57,39,78,93,57,91,85,Europe,
2023,37,Serbia,6.411,1.598,62,30,56,57,69,40,73,122,26,40,137,132,Europe,Eastern Europe
2023,38,Chile,6.36,-0.227,43,47,51,28,68,66,99,12,63,66,102,53,South America,South America
2023,39,Panama,6.358,-0.785,112,37,45,33,50,95,115,3,61,95,48,56,North America,North America
2023,40,Malta,6.346,0.382,40,21,17,11,51,3,72,82,110,3,37,97,Europe,
2023,41,Italy,6.324,0.303,63,60,24,13,117,63,91,87,75,63,94,106,Europe,
2023,42,Guatemala,6.287,0.322,127,82,87,89,39,92,87,1,80,92,14,35,North America,North America
2023,43,Nicaragua,6.284,0.777,133,67,100,50,19,89,21,13,99,89,46,49,North America,North America
2023,44,Brazil,6.272,-0.577,93,56,66,75,43,78,52,60,86,78,81,59,South America,South America
2023,45,Slovakia,6.257,0.288,18,8,42,47,93,91,93,81,42,91,101,134,Europe,Eastern Europe
2023,46,Latvia,6.234,1.188,24,12,43,59,67,37,81,70,60,37,120,108,Europe,Eastern Europe
2023,47,Uzbekistan,6.195,0.572,83,23,92,65,11,29,30,26,25,29,98,81,Asia,Asia
2023,48,Argentina,6.188,-0.374,80,33,53,49,61,98,104,43,79,98,78,40,South America,South America
2023,49,Kazakhstan,6.188,0.517,35,13,46,77,26,48,88,91,2,48,116,135,Asia,Asia
2023,50,Cyprus,6.068,-0.398,56,79,25,10,107,52,103,63,76,52,74,63,Europe,
2023,51,Japan,6.06,-0.004,41,64,34,2,78,118,24,86,9,118,95,140,Asia,Asia
2023,52,Republic of Korea,6.058,-0.209,49,80,26,3,85,53,49,100,49,53,84,111,Asia,Asia
2023,53,Philippines,6.048,1.063,110,83,93,93,9,90,68,10,91,90,5,39,Asia,
2023,54,Viet Nam,6.043,0.51,36,62,82,41,3,130,34,50,3,130,106,118,Asia,Asia
2023,55,Portugal,6.03,0.929,57,31,37,22,57,102,121,74,84,102,113,101,Europe,
2023,56,Hungary,6.017,1.242,53,3,40,48,89,59,105,68,15,59,104,12,Europe,Eastern Europe
2023,57,Paraguay,5.977,0.198,98,36,76,84,25,70,98,2,46,70,33,50,South America,South America
2023,58,Thailand,5.976,-0.395,68,48,63,37,13,7,122,7,31,7,70,65,Asia,Asia
2023,59,Malaysia,5.975,0.215,44,91,49,55,1,30,61,18,21,30,20,76,Asia,Asia
2023,60,China,5.973,0.995,32,81,60,26,75,73,62,54,30,73,60,105,Asia,Asia
2023,61,Honduras,5.968,0.826,135,100,104,90,33,67,75,14,71,67,30,36,North America,North America
2023,62,Bahrain,5.959,0.647,105,76,18,62,44,22,62,69,97,22,56,22,Asia,Asia
2023,63,Croatia,5.942,0.281,30,24,38,31,131,115,85,97,37,115,122,136,Europe,Eastern Europe
2023,64,Greece,5.934,0.499,34,75,44,27,128,128,83,99,85,128,89,75,Europe,
2023,65,Bosnia and Herzegovina,5.877,1.064,71,44,64,46,55,21,133,107,53,21,118,92,Europe,Eastern Europe
2023,66,Libya,5.866,0.526,81,94,86,87,86,64,29,104,114,64,62,18,Africa,Africa
2023,67,Jamaica,5.842,0.468,109,49,90,76,48,99,108,49,61,99,25,13,North America,Caribbean
2023,68,Peru,5.841,0.065,95,85,77,69,87,88,130,15,113,88,64,38,South America,South America
2023,69,Dominican Republic,5.823,0.86,137,54,58,63,46,94,37,37,58,94,22,21,North America,Caribbean
2023,70,Mauritius,5.816,0.339,69,52,54,61,73,62,69,73,6,62,29,107,Africa,Africa
2023,71,Republic of Moldova,5.816,0.025,64,63,75,81,59,126,110,108,54,126,119,90,Europe,Eastern Europe
2023,72,Russian Federation,5.785,0.321,84,57,41,83,95,44,53,94,16,44,73,23,Europe,Eastern Europe
2023,73,Bolivia,5.784,-0.073,77,86,94,98,62,97,119,25,122,97,40,42,South America,South America
2023,74,Ecuador,5.725,-0.14,113,87,78,51,106,108,102,17,108,108,90,82,South America,South America
2023,75,Kyrgyzstan,5.714,0.672,31,7,105,64,5,56,126,65,7,56,79,58,Asia,Asia
2023,76,Montenegro,5.707,0.408,39,58,52,42,70,79,47,133,88,79,130,121,Europe,Eastern Europe
2023,77,Mongolia,5.696,0.862,48,9,72,80,116,28,116,115,22,28,16,119,Asia,Asia
2023,78,Colombia,5.695,-0.721,116,68,69,44,64,112,114,23,72,112,80,44,South America,South America
2023,79,Venezuela,5.607,-1.432,117,39,116,74,88,109,94,19,78,109,38,16,South America,South America
2023,80,Indonesia,5.568,0.22,101,89,79,85,27,1,112,5,73,1,1,48,Asia,Asia
2023,81,Bulgaria,5.463,1.482,59,10,48,71,91,93,134,118,18,93,140,130,Europe,Eastern Europe
2023,82,Armenia,5.455,1.139,73,74,65,53,66,129,42,109,128,129,124,78,Asia,Asia
2023,83,South Africa,5.422,0.459,109,65,80,114,97,104,111,53,57,104,51,61,Africa,Africa
2023,84,North Macedonia,5.369,0.795,50,41,57,60,102,35,129,126,67,35,132,122,Europe,Eastern Europe
2023,85,Algeria,5.364,-0.058,36,84,73,39,125,97,42,116,58,97,90,80,Africa,Africa
2023,86,Hong Kong SAR of China,5.316,-0.207,10,69,11,49,96,42,10,124,12,42,92,96,Asia,Asia
2023,87,Albania,5.304,-0.246,124,111,70,35,40,54,109,101,87,54,121,80,Europe,Eastern Europe
2023,88,Tajikistan,5.281,0.901,21,50,114,67,66,113,16,85,40,113,6,79,Asia,Asia
2023,89,Congo,5.221,0.924,139,133,107,105,115,123,56,105,124,123,66,30,Africa,Africa
2023,90,Mozambique,5.216,0.245,140,108,135,117,45,101,41,92,95,101,17,93,Africa,Africa
2023,91,Georgia,5.185,0.998,72,90,59,70,34,140,48,116,38,140,82,26,Asia,
2023,92,Iraq,5.166,0.349,114,99,84,82,124,84,106,103,138,84,114,13,Asia,Asia
2023,93,Nepal,5.158,1.002,131,93,113,89,84,46,78,135,103,46,28,110,Asia,Asia
2023,94,Lao PDR,5.139,0.352,111,114,98,87,21,60,51,66,96,60,100,131,Asia,Asia
2023,95,Gabon,5.106,0.992,126,98,68,101,109,125,92,93,129,125,109,28,Africa,Africa
2023,96,Côte d’Ivoire,5.08,0.0,122,126,103,49,94,105,40,71,83,105,111,91,Africa,Africa
2023,97,Guinea,5.023,1.176,132,131,116,110,98,58,77,80,140,58,8,15,Africa,Africa
2023,98,Türkiye,4.975,-0.37,45,55,47,42,134,96,58,140,102,96,127,95,Asia,
2023,99,Senegal,4.969,1.01,104,116,115,92,71,83,100,4,62,83,58,5,Africa,Africa
2023,100,Iran,4.923,0.28,82,77,73,54,127,20,66,121,130,20,107,34,Asia,Asia
2022,1,Finland,7.804,0.415,4,2,19,18,4,32,1,32,20,32,61,88,Europe,Western Europe
2022,2,Denmark,7.586,-0.107,11,3,8,15,14,7,2,12,28,7,60,69,Europe,Western Europe
2022,3,Iceland,7.53,0.175,8,1,11,4,11,9,39,19,13,9,86,117,Europe,Western Europe
2022,4,Israel,7.473,0.172,3,6,29,9,81,48,29,105,16,48,85,102,Asia,Asia
2022,5,Netherlands,7.403,-0.109,2,19,7,49,37,8,15,52,22,8,38,123,Europe,Western Europe
2022,6,Sweden,7.395,-0.085,7,9,13,7,9,6,3,28,9,6,70,94,Europe,Western Europe
2022,7,Norway,7.315,-0.34,20,22,4,5,10,13,6,24,32,13,49,77,Europe,Western Europe
2022,8,Switzerland,7.24,-0.41,36,45,5,6,49,20,4,54,14,20,51,129,Europe,Western Europe
2022,9,Luxembourg,7.228,0.174,9,48,1,6,16,36,7,46,34,36,43,128,Europe,Western Europe
2022,10,New Zealand,7.123,-0.098,13,5,27,17,54,17,5,58,31,17,20,54,Oceania,Oceania
2022,11,Austria,7.097,-0.272,28,50,10,19,45,21,17,45,38,21,56,111,Europe,Western Europe
2022,12,Australia,7.095,-0.255,19,12,16,12,46,19,19,51,47,19,42,56,Oceania,Oceania
2022,13,Canada,6.961,-0.516,32,18,17,21,51,11,14,42,74,11,37,47,North America,North America
2022,14,Ireland,6.911,-0.165,26,28,3,16,26,14,8,35,41,14,35,91,Europe,Western Europe
2022,15,United States,6.894,-0.188,44,31,6,56,94,12,41,50,62,12,10,9,North America,North America
2022,16,Germany,6.892,0.22,39,26,14,24,25,35,12,70,23,35,90,59,Europe,Western Europe
2022,17,Belgium,6.859,-0.108,10,24,15,20,29,33,16,44,42,33,68,109,Europe,Western Europe
2022,18,Czechia,6.845,0.555,30,10,28,36,20,37,89,30,48,37,75,62,Europe,Eastern Europe
2022,19,Afghanistan,6.796,1.333,59,52,51,49,57,60,62,61,58,60,69,74,Asia,
2022,20,Lithuania,6.763,1.337,12,13,32,52,107,105,37,133,3,105,116,131,Europe,Eastern Europe
2022,21,France,6.661,-0.103,29,59,21,14,67,55,18,61,49,55,30,133,Europe,Western Europe
2022,22,Slovenia,6.65,0.59,31,11,30,23,13,34,65,89,46,34,52,115,Europe,Eastern Europe
2022,23,Costa Rica,6.609,-0.648,55,30,53,29,19,73,58,9,67,73,83,22,North America,North America
2022,24,Romania,6.589,1.556,71,71,39,58,53,102,134,93,55,102,121,92,Europe,Eastern Europe
2022,25,Singapore,6.587,0.041,21,67,2,1,36,22,1,60,30,22,66,44,Asia,Asia
2022,26,United Arab Emirates,6.571,-0.573,69,89,9,30,12,15,62,49,45,15,25,68,Asia,Asia
2022,27,Taiwan Province of China,6.535,0.314,18,44,21,49,64,52,33,47,1,52,117,95,Asia,Asia
2022,28,Uruguay,6.494,0.139,54,29,49,45,34,71,27,14,63,71,72,24,South America,South America
2022,29,Slovakia,6.469,0.5,17,4,40,47,96,83,97,71,59,83,99,120,Europe,Eastern Europe
2022,30,Saudi Arabia,6.463,-0.017,67,32,20,38,48,54,62,64,26,54,102,46,Asia,Asia
2022,31,Estonia,6.455,1.029,16,16,34,32,21,28,10,20,17,28,78,83,Europe,Eastern Europe
2022,32,Spain,6.436,0.114,27,15,31,8,76,49,36,82,92,49,96,96,Europe,
2022,33,Italy,6.405,0.384,22,55,23,13,106,40,86,90,83,40,104,103,Europe,
2022,34,Kosovo,6.368,1.146,80,39,82,49,39,31,100,117,58,31,128,63,Europe,Eastern Europe
2022,35,Chile,6.334,-0.253,41,41,50,28,70,62,77,15,51,62,97,36,South America,South America
2022,36,Mexico,6.33,-0.758,53,65,58,79,41,97,73,6,27,97,89,72,North America,North America
2022,37,Malta,6.3,0.336,40,17,18,11,52,5,62,67,109,5,62,90,Europe,
2022,38,Panama,6.265,-0.878,116,38,44,33,24,82,123,5,57,82,32,39,North America,North America
2022,39,Poland,6.26,0.438,5,43,35,40,65,113,34,98,5,113,139,139,Europe,Eastern Europe
2022,40,Nicaragua,6.259,0.752,130,69,100,50,18,84,20,11,97,84,46,66,North America,North America
2022,41,Latvia,6.213,1.167,24,20,42,59,61,47,98,83,8,47,108,86,Europe,Eastern Europe
2022,42,Bahrain,6.173,0.861,89,64,18,62,25,23,62,50,83,23,43,19,Asia,Asia
2022,43,Guatemala,6.15,0.185,110,86,85,89,43,95,91,1,60,95,27,71,North America,North America
2022,44,Kazakhstan,6.144,0.473,38,23,45,77,32,51,48,77,4,51,109,118,Asia,Asia
2022,45,Serbia,6.144,1.331,60,36,55,57,75,41,79,127,68,41,136,134,Europe,Eastern Europe
2022,46,Cyprus,6.13,-0.336,58,78,24,10,111,43,124,75,82,43,67,64,Europe,
2022,47,Japan,6.129,0.065,42,35,33,2,73,122,28,68,10,122,100,140,Asia,Asia
2022,48,Croatia,6.125,0.464,47,27,38,31,128,118,116,109,61,118,134,137,Europe,Eastern Europe
2022,49,Brazil,6.125,-0.724,94,58,65,75,55,78,54,63,98,78,80,58,South America,South America
2022,50,El Salvador,6.122,0.313,105,96,88,73,17,114,26,3,81,114,55,55,North America,North America
2022,51,Hungary,6.041,1.266,37,14,37,48,80,56,102,87,50,56,115,15,Europe,Eastern Europe
2022,52,Argentina,6.024,-0.538,68,37,51,49,58,96,84,38,72,96,79,51,South America,South America
2022,53,Honduras,6.023,0.881,132,105,103,90,48,65,90,16,78,65,21,40,North America,North America
2022,54,Uzbekistan,6.014,0.391,84,46,93,65,3,16,24,31,37,16,92,79,Asia,Asia
2022,55,Malaysia,6.012,0.252,50,81,47,55,5,18,75,21,18,18,59,93,Asia,Asia
2022,56,Portugal,5.968,0.867,65,63,36,22,23,86,125,80,90,86,106,106,Europe,
2022,57,Republic of Korea,5.951,-0.316,56,84,26,3,99,44,57,102,39,44,95,89,Asia,Asia
2022,58,Greece,5.931,0.496,23,52,43,27,130,138,115,99,15,138,137,127,Europe,
2022,59,Mauritius,5.902,0.425,73,40,54,61,68,69,69,37,12,69,36,119,Africa,Africa
2022,60,Thailand,5.843,-0.528,62,57,61,37,33,10,114,18,35,10,87,107,Asia,Asia
2022,61,Mongolia,5.84,1.006,63,8,72,80,102,30,101,116,29,30,18,113,Asia,Asia
2022,62,Kyrgyzstan,5.825,0.783,33,21,106,64,7,38,117,78,25,38,76,45,Asia,Asia
2022,63,Republic of Moldova,5.819,0.028,75,80,73,81,57,94,122,115,69,94,111,43,Europe,Eastern Europe
2022,64,China,5.818,0.84,64,84,64,26,40,105,62,56,19,105,104,117,Asia,Asia
2022,65,Viet Nam,5.763,0.23,6,47,83,41,1,129,42,17,2,129,118,121,Asia,Asia
2022,66,Paraguay,5.738,-0.041,91,33,74,84,15,72,95,4,43,72,33,27,South America,South America
2022,67,Montenegro,5.722,0.423,43,51,52,42,77,67,81,131,91,67,122,135,Europe,Eastern Europe
2022,68,Jamaica,5.703,0.329,128,56,89,76,35,103,130,43,65,103,8,1,North America,Caribbean
2022,69,Bolivia,5.684,-0.173,78,75,92,98,38,106,96,34,123,106,50,34,South America,South America
2022,70,Russian Federation,5.661,0.197,49,25,41,83,78,75,67,94,33,75,101,84,Europe,Eastern Europe
2022,71,Bosnia and Herzegovina,5.633,0.82,52,66,62,46,90,29,131,120,73,29,126,100,Europe,Eastern Europe
2022,72,Colombia,5.63,-0.786,108,49,66,44,66,120,111,22,86,120,81,50,South America,South America
2022,73,Dominican Republic,5.569,0.606,136,77,57,63,47,80,31,39,87,80,19,14,North America,Caribbean
2022,74,Ecuador,5.559,-0.306,95,74,76,51,86,99,113,13,104,99,64,53,South America,South America
2022,75,Peru,5.526,-0.25,86,76,70,69,83,127,121,26,110,127,91,60,South America,South America
2022,76,Philippines,5.523,0.538,99,79,94,93,6,128,61,2,84,128,23,87,Asia,
2022,77,Bulgaria,5.466,1.485,46,7,48,71,91,100,135,107,11,100,138,125,Europe,Eastern Europe
2022,78,Nepal,5.36,1.204,125,100,113,89,50,53,64,132,99,53,16,116,Asia,Asia
2022,79,Armenia,5.342,1.026,70,83,67,53,72,117,43,123,139,117,120,81,Asia,Asia
2022,80,Tajikistan,5.33,0.95,14,60,115,67,66,93,11,53,36,93,3,30,Asia,Asia
2022,81,Algeria,5.329,-0.093,15,92,75,39,137,79,23,106,56,79,88,105,Africa,Africa
2022,82,Hong Kong SAR of China,5.308,-0.215,25,87,12,49,113,39,9,118,24,39,103,97,Asia,Asia
2022,83,Albania,5.277,-0.273,106,106,68,35,62,81,99,119,53,81,129,108,Europe,Eastern Europe
2022,84,Indonesia,5.277,-0.071,76,70,80,85,22,2,109,7,64,2,2,75,Asia,Asia
2022,85,South Africa,5.275,0.312,93,42,78,114,105,88,127,29,44,88,45,21,Africa,Africa
2022,86,Congo,5.267,0.97,139,118,105,105,112,90,63,104,134,90,39,13,Africa,Africa
2022,87,North Macedonia,5.254,0.68,74,68,56,60,100,45,133,114,70,45,127,114,Europe,Eastern Europe
2022,88,Venezuela,5.211,-1.828,103,34,116,74,82,123,78,27,80,123,44,11,South America,South America
2022,89,Lao PDR,5.111,0.324,83,115,98,87,28,58,44,66,95,58,93,132,Asia,Asia
2022,90,Georgia,5.109,0.922,66,99,60,70,59,135,30,128,40,135,74,19,Asia,
2022,91,Guinea,5.072,1.225,122,130,116,110,98,64,70,59,135,64,11,35,Africa,Africa
2022,92,Ukraine,5.071,0.014,79,62,77,78,56,4,105,124,114,4,12,6,Europe,Eastern Europe
2022,93,Côte d’Ivoire,5.053,0.0,123,133,104,49,104,89,55,85,117,89,77,33,Africa,Africa
2022,94,Gabon,5.035,0.921,119,94,63,101,110,124,82,73,120,124,107,28,Africa,Africa
2022,95,Nigeria,4.981,-0.267,96,90,108,104,79,42,132,23,52,42,13,4,Africa,Africa
2022,96,Cameroon,4.973,0.553,115,121,112,108,118,87,104,101,106,87,54,20,Africa,Africa
2022,97,Mozambique,4.954,-0.017,138,110,135,117,31,109,38,86,101,109,47,104,Africa,Africa
2022,98,Iraq,4.941,0.124,112,101,79,82,121,60,107,111,137,60,98,12,Asia,Asia
2022,99,State of Palestine,4.908,0.208,101,64,51,49,115,130,94,103,58,130,125,74,Asia,Asia
2022,100,Morocco,4.903,0.018,102,132,96,72,69,140,80,108,121,140,130,26,Africa,Africa
2021,1,Finland,7.821,0.432,3,2,16,18,2,47,4,20,8,47,65,96,Europe,Western Europe
2021,2,Denmark,7.636,-0.057,12,11,6,15,6,23,2,9,22,23,62,76,Europe,Western Europe
2021,3,Iceland,7.557,0.202,6,1,13,4,10,4,28,6,5,4,71,112,Europe,Western Europe
2021,4,Switzerland,7.512,-0.138,19,13,4,6,15,33,7,23,10,33,40,118,Europe,Western Europe
2021,5,Netherlands,7.415,-0.097,2,22,7,49,36,3,11,40,19,3,43,117,Europe,Western Europe
2021,6,Luxembourg,7.404,0.35,5,35,1,6,18,28,9,41,23,28,28,121,Europe,Western Europe
2021,7,Sweden,7.384,-0.096,4,14,11,7,3,16,3,16,15,16,84,104,Europe,Western Europe
2021,8,Norway,7.365,-0.29,9,9,3,5,5,14,6,14,23,14,42,108,Europe,Western Europe
2021,9,Israel,7.364,0.063,5,24,27,9,54,44,42,104,24,44,73,103,Asia,Asia
2021,10,New Zealand,7.2,-0.021,8,7,25,17,14,9,5,22,21,9,14,47,Oceania,Oceania
2021,11,Austria,7.163,-0.206,16,50,10,19,68,19,17,35,50,19,39,105,Europe,Western Europe
2021,12,Australia,7.162,-0.188,15,21,15,12,13,6,15,28,34,6,21,34,Oceania,Oceania
2021,13,Ireland,7.041,-0.035,30,60,2,16,39,15,8,32,41,15,22,89,Europe,Western Europe
2021,14,Germany,7.034,0.362,17,48,12,24,72,30,12,41,45,30,74,93,Europe,Western Europe
2021,15,Canada,7.025,-0.452,24,18,18,21,20,13,9,15,65,13,34,52,North America,North America
2021,16,United States,6.977,-0.105,21,20,5,56,58,10,36,27,66,10,7,4,North America,North America
2021,17,United Kingdom,6.943,0.06,18,58,21,25,60,5,14,55,56,5,55,99,Europe,Western Europe
2021,18,Czechia,6.92,0.63,29,6,26,36,24,22,95,38,36,22,53,56,Europe,Eastern Europe
2021,19,Belgium,6.805,-0.162,7,25,14,20,51,29,18,52,51,29,64,101,Europe,Western Europe
2021,20,France,6.687,-0.077,11,26,20,14,45,73,20,54,58,73,33,119,Europe,Western Europe
2021,21,Bahrain,6.647,1.335,89,64,18,62,25,23,62,50,83,23,43,19,Asia,Asia
2021,22,Slovenia,6.63,0.57,27,3,29,23,37,39,54,73,52,39,50,111,Europe,Eastern Europe
2021,23,Costa Rica,6.582,-0.675,72,47,50,29,27,63,63,13,83,63,68,6,North America,North America
2021,24,United Arab Emirates,6.576,-0.568,83,65,8,30,4,17,62,48,25,17,72,50,Asia,Asia
2021,25,Saudi Arabia,6.523,0.043,66,53,19,38,18,74,62,34,31,74,88,60,Asia,Asia
2021,26,Taiwan Province of China,6.512,0.291,47,49,21,49,56,43,33,61,3,43,105,102,Asia,Asia
2021,27,Singapore,6.48,-0.066,20,46,1,1,29,24,1,49,6,24,58,75,Asia,Asia
2021,28,Romania,6.477,1.444,50,64,38,58,32,103,115,56,54,103,108,70,Europe,Eastern Europe
2021,29,Spain,6.476,0.154,14,17,31,8,71,66,43,77,86,66,91,107,Europe,
2021,30,Uruguay,6.474,0.119,46,27,46,45,19,72,22,24,53,72,80,27,South America,South America
2021,31,Italy,6.467,0.446,26,39,22,13,99,71,94,80,84,71,96,116,Europe,
2021,32,Kosovo,6.455,1.233,75,61,79,49,42,20,83,94,58,20,109,61,Europe,Eastern Europe
2021,33,Malta,6.447,0.483,35,32,17,11,25,7,53,79,101,7,61,113,Europe,
2021,34,Lithuania,6.446,1.02,23,15,28,52,96,79,99,60,17,79,79,55,Europe,Eastern Europe
2021,35,Slovakia,6.391,0.422,31,5,36,47,83,38,106,50,39,38,78,63,Europe,Eastern Europe
2021,36,Estonia,6.341,0.915,10,10,32,32,9,36,13,17,9,36,75,86,Europe,Eastern Europe
2021,37,Panama,6.309,-0.834,95,31,44,33,62,90,93,1,26,90,59,54,North America,North America
2021,38,Brazil,6.293,-0.556,79,69,61,75,70,40,46,65,107,40,48,12,South America,South America
2021,39,Guatemala,6.262,0.297,126,81,88,89,31,75,74,3,84,75,28,56,North America,North America
2021,40,Kazakhstan,6.234,0.563,42,29,42,77,63,42,64,64,2,42,90,114,Asia,Asia
2021,41,Cyprus,6.221,-0.245,45,57,23,10,91,51,98,74,63,51,67,66,Europe,
2021,42,Latvia,6.18,1.134,13,4,40,59,59,77,81,39,12,77,115,106,Europe,Eastern Europe
2021,43,Serbia,6.178,1.365,67,37,51,57,38,11,68,99,81,11,118,40,Europe,Eastern Europe
2021,44,Chile,6.172,-0.415,33,36,48,28,64,67,92,29,27,67,89,43,South America,South America
2021,45,Nicaragua,6.165,0.658,115,62,93,50,17,78,32,7,72,78,30,53,North America,North America
2021,46,Mexico,6.128,-0.96,65,84,55,79,44,69,50,21,76,69,38,10,North America,North America
2021,47,Croatia,6.125,0.464,49,23,39,31,40,45,117,76,62,45,111,67,Europe,Eastern Europe
2021,48,Poland,6.123,0.301,28,12,33,40,85,27,49,43,67,27,46,46,Europe,Eastern Europe
2021,49,El Salvador,6.12,0.311,98,78,82,73,12,99,27,2,70,99,41,73,North America,North America
2021,50,Kuwait,6.106,-0.409,92,67,22,17,41,38,62,73,82,38,89,21,Asia,Asia
2021,51,Hungary,6.086,1.311,36,8,37,48,88,59,79,59,18,59,104,19,Europe,Eastern Europe
2021,52,Mauritius,6.071,0.594,53,38,52,61,65,61,66,63,4,61,49,92,Africa,Africa
2021,53,Uzbekistan,6.063,0.44,81,34,86,65,7,32,26,47,33,32,94,90,Asia,Asia
2021,54,Japan,6.039,-0.025,41,33,30,2,66,106,30,57,14,106,86,121,Asia,Asia
2021,55,Honduras,6.022,0.88,111,75,97,90,47,49,86,4,59,49,18,38,North America,North America
2021,56,Portugal,6.016,0.915,40,35,35,22,23,108,96,82,69,108,117,100,Europe,
2021,57,Argentina,5.967,-0.595,59,43,49,49,55,60,72,53,92,60,25,11,South America,South America
2021,58,Greece,5.948,0.513,37,59,41,27,117,97,52,85,80,97,85,81,Europe,
2021,59,Republic of Korea,5.935,-0.332,39,72,24,3,93,48,35,101,28,48,92,98,Asia,Asia
2021,60,Philippines,5.904,0.919,56,85,88,93,16,82,40,10,85,82,6,15,Asia,
2021,61,Thailand,5.891,-0.48,88,42,57,37,46,8,118,37,74,8,77,59,Asia,Asia
2021,62,Republic of Moldova,5.857,0.066,51,44,66,81,48,95,97,81,60,95,103,39,Europe,Eastern Europe
2021,63,Jamaica,5.85,0.476,102,54,84,76,86,98,101,51,79,98,9,3,North America,Caribbean
2021,64,Kyrgyzstan,5.828,0.786,22,30,99,64,11,35,110,66,30,35,66,49,Asia,Asia
2021,65,Belarus,5.821,0.317,37,34,52,71,117,91,32,122,29,91,83,133,Europe,Eastern Europe
2021,66,Colombia,5.781,-0.635,86,81,63,44,74,83,78,19,94,83,51,9,South America,South America
2021,67,Bosnia and Herzegovina,5.768,0.955,73,52,60,46,80,12,113,90,77,12,113,68,Europe,Eastern Europe
2021,68,Mongolia,5.761,0.927,34,16,71,80,107,25,89,103,20,25,10,110,Asia,Asia
2021,69,Dominican Republic,5.737,0.774,118,55,54,63,35,85,34,30,64,85,11,25,North America,Caribbean
2021,70,Malaysia,5.711,-0.049,70,79,45,55,30,18,60,33,11,18,15,48,Asia,Asia
2021,71,Bolivia,5.6,-0.257,43,77,85,98,34,93,71,36,106,93,20,13,South America,South America
2021,72,China,5.585,0.607,62,56,56,26,31,54,62,46,35,54,37,51,Asia,Asia
2021,73,Paraguay,5.578,-0.201,96,28,68,84,26,62,91,5,43,62,32,29,South America,South America
2021,74,Peru,5.559,-0.217,87,67,69,69,61,94,100,11,100,94,52,33,South America,South America
2021,75,Montenegro,5.547,0.248,73,61,54,42,102,69,66,122,101,69,123,117,Europe,Eastern Europe
2021,76,Ecuador,5.533,-0.332,82,82,75,51,53,96,62,26,105,96,31,17,South America,South America
2021,77,Viet Nam,5.485,-0.048,44,76,80,41,21,41,67,69,68,41,44,58,Asia,Asia
2021,78,Turkmenistan,5.474,-0.154,16,14,81,96,68,33,62,111,50,33,39,62,Asia,Asia
2021,80,Russian Federation,5.459,-0.005,60,51,34,83,104,37,69,92,16,37,54,31,Europe,Eastern Europe
2021,81,Hong Kong SAR of China,5.425,-0.098,25,66,9,49,105,34,10,110,29,34,106,88,Asia,Asia
2021,82,Armenia,5.399,1.083,54,87,65,53,67,110,37,100,120,110,110,74,Asia,Asia
2021,83,Tajikistan,5.377,0.997,38,41,107,67,66,111,16,68,38,111,5,77,Asia,Asia
2021,84,Nepal,5.377,1.221,104,98,105,89,57,46,61,118,96,46,27,87,Asia,Asia
2021,85,Bulgaria,5.371,1.39,58,40,47,71,41,57,104,71,46,57,82,28,Europe,Eastern Europe
2021,86,Libya,5.33,-0.01,97,75,81,87,76,75,31,89,116,75,70,17,Africa,Africa
2021,87,Indonesia,5.24,-0.108,69,68,76,85,28,1,85,8,61,1,1,78,Asia,Asia
2021,88,Côte d’Ivoire,5.235,0.0,109,117,98,49,92,89,39,84,91,89,76,44,Africa,Africa
2021,89,North Macedonia,5.199,0.625,85,73,53,60,69,26,102,102,75,26,99,35,Europe,Eastern Europe
2021,90,Albania,5.199,-0.351,90,97,64,35,50,50,107,106,48,50,121,80,Europe,Eastern Europe
2021,91,South Africa,5.194,0.231,97,19,74,114,98,109,105,12,7,109,35,69,Africa,Africa
2021,92,Azerbaijan,5.173,0.569,17,84,60,64,80,129,23,125,22,129,103,124,Asia,Asia
2021,93,Gambia,5.164,0.0,59,52,51,49,57,60,62,61,58,60,69,74,Africa,Africa
2021,94,Bangladesh,5.155,0.351,108,120,92,68,22,56,51,114,115,56,83,37,Asia,Asia
2021,95,Lao PDR,5.14,0.353,77,104,90,87,8,65,29,42,71,65,95,120,Asia,Asia
2021,96,Algeria,5.122,-0.3,32,63,72,39,118,105,38,115,49,105,100,79,Africa,Africa
2021,97,Liberia,5.122,0.926,59,52,51,49,57,60,62,61,58,60,69,74,Africa,Africa
2021,98,Ukraine,5.084,0.027,52,45,62,78,77,31,114,97,44,31,56,14,Europe,Eastern Europe
2021,99,Congo,5.075,0.778,119,115,95,105,84,102,44,98,109,102,45,36,Africa,Africa
2021,100,Morocco,5.06,0.175,91,119,89,72,79,120,73,105,90,120,98,24,Africa,Africa
2021,101,Mozambique,5.048,0.077,122,102,120,117,43,104,24,96,102,104,26,94,Africa,Africa
2020,1,Finland,7.842,0.453,2,4,15,17,3,63,1,21,8,63,34,95,Europe,Western Europe
2020,2,Denmark,7.62,-0.073,18,14,6,13,11,18,3,19,22,18,51,84,Europe,Western Europe
2020,3,Switzerland,7.571,-0.079,6,16,3,8,19,39,5,30,9,39,48,113,Europe,Western Europe
2020,4,Iceland,7.554,0.199,4,1,11,3,7,7,28,3,4,7,63,108,Europe,Western Europe
2020,5,Netherlands,7.464,-0.048,1,17,7,49,13,8,6,52,28,8,40,109,Europe,Western Europe
2020,6,Norway,7.392,-0.263,12,8,2,5,1,12,4,6,18,12,50,104,Europe,Western Europe
2020,7,Sweden,7.363,-0.117,17,22,12,9,6,11,2,38,20,11,97,101,Europe,Western Europe
2020,8,Luxembourg,7.324,0.27,5,35,1,6,18,28,9,41,23,28,28,121,Europe,Western Europe
2020,9,New Zealand,7.277,0.056,16,13,22,14,18,10,7,4,16,10,7,68,Oceania,Oceania
2020,10,Austria,7.268,-0.101,7,27,9,18,22,29,13,39,15,29,56,96,Europe,Western Europe
2020,11,Australia,7.183,-0.167,22,21,14,10,26,3,16,32,13,3,14,58,Oceania,Oceania
2020,12,Israel,7.157,-0.144,14,6,29,4,51,46,43,99,25,46,88,103,Asia,Asia
2020,13,Germany,7.155,0.483,10,33,10,25,40,41,11,50,14,41,72,102,Europe,Western Europe
2020,14,Canada,7.103,-0.374,25,24,16,19,29,25,12,26,64,25,53,76,North America,North America
2020,15,Ireland,7.085,0.009,9,5,1,15,32,21,8,18,27,21,21,80,Europe,Western Europe
2020,16,Costa Rica,7.069,-0.188,59,60,49,26,28,92,48,14,88,92,89,54,North America,North America
2020,17,United Kingdom,7.064,0.181,13,25,21,27,30,6,14,37,21,6,37,91,Europe,Western Europe
2020,18,Czechia,6.965,0.675,29,3,25,33,24,76,93,20,55,76,47,88,Europe,Eastern Europe
2020,19,United States,6.951,-0.131,30,20,4,60,44,24,33,34,59,24,22,56,North America,North America
2020,20,Belgium,6.834,-0.133,5,34,13,23,84,81,25,84,38,81,71,115,Europe,Western Europe
2020,21,France,6.69,-0.074,3,15,20,16,58,85,20,53,23,85,31,112,Europe,Western Europe
2020,22,Bahrain,6.647,1.335,79,58,17,58,8,9,62,29,60,9,49,31,Asia,Asia
2020,23,Malta,6.602,0.638,43,19,19,6,15,32,32,93,102,32,54,105,Europe,
2020,24,Taiwan Province of China,6.584,0.363,11,36,21,49,67,40,35,23,1,40,90,97,Asia,Asia
2020,25,United Arab Emirates,6.561,-0.583,75,62,5,28,10,15,62,44,62,15,43,22,Asia,Asia
2020,26,Saudi Arabia,6.494,0.014,53,41,18,52,31,61,62,45,31,61,76,34,Asia,Asia
2020,27,Spain,6.491,0.169,15,23,31,11,72,71,39,66,71,71,86,99,Europe,
2020,28,Italy,6.483,0.462,8,42,24,12,95,82,81,87,66,82,105,110,Europe,
2020,29,Slovenia,6.461,0.401,21,10,30,20,4,54,59,95,67,54,33,111,Europe,Eastern Europe
2020,30,Guatemala,6.435,0.47,126,81,88,89,31,75,74,3,84,75,28,56,North America,North America
2020,31,Uruguay,6.431,0.076,35,29,45,34,23,75,15,35,39,75,73,63,South America,South America
2020,32,Singapore,6.377,-0.169,11,45,2,1,29,19,1,47,12,19,45,70,Asia,Asia
2020,33,Kosovo,6.372,1.15,107,76,80,49,33,5,99,90,58,5,99,16,Europe,Eastern Europe
2020,34,Slovakia,6.331,0.362,36,9,36,37,87,57,97,51,46,57,79,72,Europe,Eastern Europe
2020,35,Brazil,6.33,-0.519,76,61,59,72,70,74,38,73,99,74,70,38,South America,South America
2020,36,Mexico,6.317,-0.771,70,80,55,83,36,89,51,22,56,89,69,48,North America,North America
2020,37,Jamaica,6.309,0.935,83,50,83,66,39,104,77,41,41,104,27,21,North America,Caribbean
2020,38,Lithuania,6.255,0.829,24,12,27,53,55,72,74,81,12,72,67,90,Europe,Eastern Europe
2020,39,Cyprus,6.223,-0.243,38,68,26,7,86,50,70,65,48,50,57,81,Europe,
2020,40,Estonia,6.189,0.763,23,7,32,31,5,55,10,11,6,55,59,93,Europe,Eastern Europe
2020,41,Panama,6.18,-0.963,112,41,44,36,38,82,98,6,52,82,55,67,North America,North America
2020,42,Uzbekistan,6.179,0.556,64,57,86,76,16,17,27,60,47,17,64,60,Asia,Asia
2020,43,Chile,6.172,-0.415,45,43,47,30,74,33,67,17,79,33,78,20,South America,South America
2020,44,Poland,6.166,0.344,32,11,33,40,82,36,54,61,76,36,41,67,Europe,Eastern Europe
2020,45,Kazakhstan,6.152,0.481,37,2,41,78,37,53,30,83,3,53,87,92,Asia,Asia
2020,46,Romania,6.14,1.107,41,51,38,55,41,90,105,67,34,90,110,61,Europe,Eastern Europe
2020,47,Kuwait,6.106,-0.409,92,67,22,17,41,38,62,73,82,38,89,21,Asia,Asia
2020,48,Serbia,6.078,1.265,82,56,51,51,45,16,72,92,90,16,115,71,Europe,Eastern Europe
2020,49,El Salvador,6.061,0.252,87,102,81,77,17,103,22,2,77,103,35,65,North America,North America
2020,50,Mauritius,6.049,0.572,50,39,50,65,46,51,47,47,2,51,23,85,Africa,Africa
2020,51,Latvia,6.032,0.986,19,26,39,50,59,58,63,63,11,58,111,100,Europe,Eastern Europe
2020,52,Colombia,6.012,-0.404,96,73,63,41,48,84,61,13,82,84,68,19,South America,South America
2020,53,Hungary,5.992,1.217,49,18,37,45,78,78,76,70,24,78,106,52,Europe,Eastern Europe
2020,54,Thailand,5.985,-0.386,55,53,54,38,47,4,106,9,74,4,60,45,Asia,Asia
2020,55,Nicaragua,5.972,0.465,85,55,92,57,62,62,24,7,70,62,44,39,North America,North America
2020,56,Japan,5.94,-0.124,27,44,28,1,63,109,23,57,5,109,93,116,Asia,Asia
2020,57,Argentina,5.929,-0.633,57,38,48,44,57,88,69,59,83,88,65,53,South America,South America
2020,58,Portugal,5.929,0.828,51,48,34,22,21,108,88,86,95,108,104,106,Europe,
2020,59,Honduras,5.919,0.777,131,89,103,91,42,54,79,11,72,54,27,43,North America,North America
2020,60,Croatia,5.882,0.221,58,28,40,32,49,56,110,56,51,56,109,74,Europe,Eastern Europe
2020,61,Philippines,5.88,0.895,56,79,87,85,14,102,41,5,75,102,29,42,Asia,
2020,62,Republic of Korea,5.845,-0.422,34,66,23,2,98,60,31,103,29,60,102,114,Asia,Asia
2020,63,Peru,5.84,0.064,73,87,71,64,64,91,100,28,113,91,58,29,South America,South America
2020,64,Bosnia and Herzegovina,5.813,1.0,84,37,62,49,93,22,104,89,73,22,112,79,Europe,Eastern Europe
2020,65,Republic of Moldova,5.766,-0.025,44,49,72,70,42,79,108,49,42,79,66,12,Europe,Eastern Europe
2020,66,Ecuador,5.764,-0.101,86,71,76,68,53,107,85,16,104,107,62,62,South America,South America
2020,67,Kyrgyzstan,5.744,0.702,48,35,98,74,12,43,107,64,36,43,36,51,Asia,Asia
2020,68,Greece,5.723,0.288,31,81,42,21,112,112,45,79,72,112,74,73,Europe,
2020,69,Bolivia,5.716,-0.141,42,70,85,94,35,87,89,31,94,87,52,35,South America,South America
2020,70,Mongolia,5.677,0.843,26,30,66,69,94,27,80,94,37,27,5,87,Asia,Asia
2020,71,Paraguay,5.653,-0.126,47,32,65,56,38,35,73,10,44,35,39,33,South America,South America
2020,72,Montenegro,5.581,0.282,81,45,52,46,66,31,82,101,103,31,98,75,Europe,Eastern Europe
2020,73,Dominican Republic,5.545,0.582,105,67,56,67,50,93,26,33,68,93,17,11,North America,Caribbean
2020,74,Afghanistan,5.536,0.073,59,52,51,49,57,60,62,61,58,60,69,74,Asia,
2020,75,Belarus,5.534,0.03,37,34,52,71,117,91,32,122,29,91,83,133,Europe,Eastern Europe
2020,76,Russian Federation,5.477,0.013,54,46,35,81,96,59,71,82,7,59,80,59,Europe,Eastern Europe
2020,77,Hong Kong SAR of China,5.477,-0.046,28,64,8,49,99,42,9,108,17,42,113,107,Asia,Asia
2020,78,Tajikistan,5.466,1.086,52,77,105,80,66,100,19,74,84,100,2,10,Asia,Asia
2020,79,Viet Nam,5.411,-0.122,33,83,79,43,9,37,58,48,52,37,32,37,Asia,Asia
2020,80,Libya,5.41,0.07,97,75,81,87,76,75,31,89,116,75,70,17,Africa,Africa
2020,81,Malaysia,5.384,-0.376,65,74,43,36,34,19,42,36,53,19,45,70,Asia,Asia
2020,82,Indonesia,5.345,-0.003,68,85,77,82,43,1,103,24,89,1,1,28,Asia,Asia
2020,83,Congo,5.342,1.045,116,111,94,104,88,94,37,97,107,94,28,41,Africa,Africa
2020,84,China,5.339,0.361,72,65,57,29,27,86,62,69,26,86,75,83,Asia,Asia
2020,85,Côte d’Ivoire,5.306,0.0,95,110,97,49,79,73,50,72,81,73,81,30,Africa,Africa
2020,86,Armenia,5.283,0.967,67,84,64,53,66,123,43,115,131,123,122,82,Asia,Asia
2020,87,Nepal,5.269,1.113,98,78,103,87,77,38,68,112,80,38,8,77,Asia,Asia
2020,88,Bulgaria,5.266,1.285,66,31,46,61,61,44,98,77,19,44,91,32,Europe,Eastern Europe
2020,89,Maldives,5.198,0.0,59,52,51,49,57,60,62,61,58,60,69,74,Asia,
2020,90,Azerbaijan,5.171,0.567,17,84,60,64,80,129,23,125,22,129,103,124,Asia,Asia
2020,91,Cameroon,5.142,0.722,109,94,102,107,103,69,79,80,97,69,26,2,Africa,Africa
2020,92,Senegal,5.132,1.173,93,108,104,93,68,101,86,1,43,101,38,14,Africa,Africa
2020,93,Albania,5.117,-0.433,114,98,67,35,90,49,95,100,40,49,95,55,Europe,Eastern Europe
2020,94,North Macedonia,5.101,0.527,94,86,53,54,69,20,91,106,92,20,96,64,Europe,Eastern Europe
2020,95,Ghana,5.088,-0.003,101,107,93,97,56,26,83,62,33,26,9,27,Africa,Africa
2020,96,Niger,5.074,0.922,59,52,51,49,57,60,62,61,58,60,69,74,Africa,Africa
2020,97,Turkmenistan,5.066,-0.562,16,14,81,96,68,33,62,111,50,33,39,62,Asia,Asia
2020,98,Gambia,5.051,0.0,59,52,51,49,57,60,62,61,58,60,69,74,Africa,Africa
2020,99,Benin,5.045,1.517,40,116,109,101,73,110,18,102,63,110,84,43,Africa,Africa
2020,100,Lao PDR,5.03,0.243,61,106,89,88,20,30,44,40,91,30,77,98,Asia,Asia
2019,1,Finland,7.809,0.42,5,20,18,22,7,39,4,39,16,39,30,97,Europe,Western Europe
2019,2,Denmark,7.646,-0.047,7,5,9,18,2,30,3,6,17,30,65,67,Europe,Western Europe
2019,3,Switzerland,7.56,-0.09,6,9,5,5,18,26,8,31,11,26,32,125,Europe,Western Europe
2019,4,Iceland,7.504,0.149,10,1,11,10,3,6,41,15,13,6,59,102,Europe,Western Europe
2019,5,Norway,7.488,-0.167,13,17,4,11,5,14,7,16,24,14,28,103,Europe,Western Europe
2019,6,Netherlands,7.449,-0.063,2,18,8,49,38,5,9,43,43,5,42,122,Europe,Western Europe
2019,7,Sweden,7.353,-0.127,14,24,14,9,9,18,6,18,28,18,97,95,Europe,Western Europe
2019,8,New Zealand,7.3,0.079,30,19,27,26,19,11,5,20,21,11,8,56,Oceania,Oceania
2019,9,Austria,7.294,-0.075,11,3,12,17,25,24,15,46,30,24,37,79,Europe,Western Europe
2019,10,Luxembourg,7.238,0.184,1,35,1,7,11,31,11,32,34,31,22,132,Europe,Western Europe
2019,11,Canada,7.232,-0.245,28,27,17,19,20,17,14,17,79,17,15,31,North America,North America
2019,12,Australia,7.223,-0.127,21,15,16,20,16,15,12,45,29,15,16,47,Oceania,Oceania
2019,13,United Kingdom,7.165,0.282,18,16,24,27,54,3,18,34,58,3,11,32,Europe,Western Europe
2019,14,Israel,7.129,-0.172,9,12,33,6,62,23,57,102,65,23,38,70,Asia,Asia
2019,15,Costa Rica,7.121,-0.136,55,38,56,31,13,97,95,11,85,97,82,74,North America,North America
2019,16,Ireland,7.094,0.018,19,14,3,15,33,16,10,25,39,16,19,63,Europe,Western Europe
2019,17,Germany,7.076,0.404,27,49,13,29,39,25,17,52,40,25,54,101,Europe,Western Europe
2019,18,United States,6.94,-0.142,29,32,6,63,61,9,42,26,55,9,9,15,North America,North America
2019,19,Czechia,6.911,0.621,31,19,28,35,40,72,99,47,42,72,78,102,Europe,Eastern Europe
2019,20,Belgium,6.864,-0.103,15,50,15,23,85,77,32,60,52,77,63,129,Europe,Western Europe
2019,21,United Arab Emirates,6.791,-0.353,69,66,7,28,21,10,62,40,78,10,40,25,Asia,Asia
2019,22,Malta,6.773,0.809,33,29,23,12,14,21,38,87,107,21,56,111,Europe,
2019,23,France,6.664,-0.1,20,4,22,14,67,61,22,62,56,61,26,130,Europe,Western Europe
2019,24,Mexico,6.465,-0.623,77,68,58,68,26,93,80,4,60,93,83,66,North America,North America
2019,25,Taiwan Province of China,6.455,0.234,24,43,21,49,74,59,46,23,1,59,99,118,Asia,Asia
2019,26,Uruguay,6.44,0.085,48,25,48,51,27,66,26,22,38,66,93,75,South America,South America
2019,27,Saudi Arabia,6.406,-0.074,78,36,20,61,35,64,62,70,47,64,115,34,Asia,Asia
2019,28,Spain,6.401,0.079,26,8,28,4,83,41,52,91,93,41,96,76,Europe,
2019,29,Guatemala,6.399,0.434,117,99,90,91,29,84,67,3,90,84,34,86,North America,North America
2019,30,Italy,6.387,0.366,22,77,26,8,112,47,109,108,98,47,95,123,Europe,
2019,31,Singapore,6.377,-0.169,8,28,2,1,10,22,1,71,2,22,57,94,Asia,Asia
2019,32,Brazil,6.376,-0.473,82,41,67,75,65,63,65,57,102,63,73,43,South America,South America
2019,33,Slovenia,6.363,0.303,37,7,32,21,8,57,71,95,41,57,24,121,Europe,Eastern Europe
2019,34,El Salvador,6.348,0.539,108,103,92,77,46,106,34,2,69,106,67,92,North America,North America
2019,35,Kosovo,6.325,1.103,84,73,88,49,60,12,128,97,58,12,119,21,Europe,Eastern Europe
2019,36,Panama,6.305,-0.838,116,48,46,38,40,104,110,1,51,104,64,89,North America,North America
2019,37,Slovakia,6.281,0.312,39,26,40,43,87,69,131,67,59,69,90,117,Europe,Eastern Europe
2019,38,Uzbekistan,6.258,0.635,79,33,99,84,1,8,20,28,37,8,101,57,Asia,Asia
2019,39,Chile,6.228,-0.359,53,64,49,30,125,65,105,33,103,65,89,24,South America,South America
2019,40,Bahrain,6.227,0.915,56,55,19,65,23,29,62,53,94,29,41,10,Asia,Asia
2019,41,Lithuania,6.215,0.789,46,30,34,59,82,127,70,109,74,127,112,136,Europe,Eastern Europe
2019,42,Trinidad and Tobago,6.192,-0.327,82,42,40,78,64,40,132,22,80,40,30,9,North America,Caribbean
2019,43,Poland,6.186,0.364,17,54,37,42,41,120,39,96,10,120,131,140,Europe,Eastern Europe
2019,44,Colombia,6.163,-0.253,106,62,69,39,70,118,102,10,96,118,91,49,South America,South America
2019,45,Cyprus,6.159,-0.307,51,98,30,13,96,33,108,76,81,33,68,46,Europe,
2019,46,Nicaragua,6.137,0.63,126,60,104,40,42,60,29,13,101,60,53,84,North America,North America
2019,47,Romania,6.124,1.091,60,75,41,60,57,117,134,100,53,117,139,96,Europe,Eastern Europe
2019,48,Kuwait,6.102,-0.413,81,76,25,16,51,50,62,86,84,50,107,13,Asia,Asia
2019,49,Mauritius,6.101,0.624,75,34,54,78,32,51,81,38,6,51,31,87,Africa,Africa
2019,50,Kazakhstan,6.058,0.387,49,6,45,81,55,48,43,54,3,48,110,112,Asia,Asia
2019,51,Estonia,6.022,0.596,34,23,35,36,37,56,23,35,7,56,88,109,Europe,Eastern Europe
2019,52,Philippines,6.006,1.021,93,71,96,97,22,92,60,21,104,92,10,69,Asia,
2019,53,Hungary,6.0,1.225,42,11,39,55,78,100,118,81,15,100,127,127,Europe,Eastern Europe
2019,54,Thailand,5.999,-0.372,67,40,61,47,31,4,115,9,32,4,78,116,Asia,Asia
2019,55,Argentina,5.975,-0.587,66,42,53,50,72,125,91,37,95,125,76,78,South America,South America
2019,56,Honduras,5.953,0.811,129,91,109,93,58,46,83,14,75,46,27,44,North America,North America
2019,57,Latvia,5.95,0.904,12,22,42,64,116,103,73,122,33,103,134,138,Europe,Eastern Europe
2019,58,Ecuador,5.925,0.06,83,86,85,41,66,99,97,29,115,99,103,82,South America,South America
2019,59,Portugal,5.911,0.81,54,59,36,24,43,119,127,68,82,119,102,106,Europe,
2019,60,Jamaica,5.89,0.516,112,56,93,86,36,111,122,48,23,111,55,18,North America,Caribbean
2019,61,Republic of Korea,5.872,-0.395,50,96,29,3,113,42,45,104,46,42,71,124,Asia,Asia
2019,62,Japan,5.871,-0.193,35,57,31,2,77,123,27,63,22,123,100,141,Asia,Asia
2019,63,Peru,5.797,0.021,94,85,74,33,73,101,113,8,116,101,62,73,South America,South America
2019,64,Serbia,5.778,0.965,64,39,59,57,94,53,82,135,49,53,135,133,Europe,Eastern Europe
2019,65,Bolivia,5.747,-0.11,63,95,95,83,44,94,104,58,129,94,61,83,South America,South America
2019,66,Pakistan,5.693,0.401,86,134,114,110,120,38,68,133,130,38,66,72,Asia,Asia
2019,67,Paraguay,5.692,-0.087,95,44,75,72,47,43,117,12,73,43,44,55,South America,South America
2019,68,Dominican Republic,5.689,0.726,135,51,60,79,45,89,59,30,64,89,25,54,North America,Caribbean
2019,69,Bosnia and Herzegovina,5.674,0.861,65,61,70,49,105,32,135,118,48,32,133,105,Europe,Eastern Europe
2019,70,Republic of Moldova,5.608,-0.183,72,84,81,76,81,85,119,101,63,85,105,81,Europe,Eastern Europe
2019,71,Tajikistan,5.556,1.176,25,53,119,71,66,107,19,77,14,107,5,61,Asia,Asia
2019,72,Montenegro,5.546,0.247,59,79,55,45,117,74,86,117,112,74,120,120,Europe,Eastern Europe
2019,73,Russian Federation,5.546,0.082,68,37,38,82,109,70,100,92,26,70,113,99,Europe,Eastern Europe
2019,74,Kyrgyzstan,5.542,0.5,47,58,111,74,15,72,120,94,31,72,104,115,Asia,Asia
2019,75,Belarus,5.54,0.036,38,31,52,69,126,113,21,113,20,113,121,139,Europe,Eastern Europe
2019,76,Afghanistan,5.536,0.073,59,52,51,49,57,60,62,61,58,60,69,74,Asia,
2019,77,Greece,5.515,0.08,44,45,44,25,135,137,101,112,45,137,128,110,Europe,
2019,78,Hong Kong SAR of China,5.51,-0.013,31,67,10,49,102,20,13,126,109,20,98,85,Asia,Asia
2019,79,Croatia,5.505,-0.156,23,21,43,35,97,80,132,130,67,80,109,126,Europe,Eastern Europe
2019,80,Libya,5.489,0.149,89,80,83,89,90,67,37,93,124,67,69,3,Africa,Africa
2019,81,Mongolia,5.456,0.622,41,13,72,94,111,27,112,110,9,27,12,114,Asia,Asia
2019,82,Malaysia,5.384,-0.376,52,74,47,67,17,19,69,36,12,19,59,48,Asia,Asia
2019,83,Viet Nam,5.353,-0.18,36,70,89,70,6,114,72,79,19,114,92,91,Asia,Asia
2019,84,Indonesia,5.286,-0.062,104,89,87,90,52,1,106,5,83,1,1,37,Asia,Asia
2019,85,Côte d’Ivoire,5.233,0.0,137,124,112,49,101,82,79,75,131,82,79,11,Africa,Africa
2019,86,Benin,5.216,1.688,138,142,125,118,88,95,40,89,135,95,81,80,Africa,Africa
2019,87,Maldives,5.198,0.0,59,52,51,49,57,60,62,61,58,60,69,74,Asia,
2019,88,Congo,5.194,0.897,139,133,102,124,119,109,55,103,125,109,52,29,Africa,Africa
2019,89,Azerbaijan,5.165,0.561,3,47,62,54,53,133,16,107,8,133,122,131,Asia,Asia
2019,90,North Macedonia,5.16,0.586,61,83,57,53,104,40,129,129,86,40,138,108,Europe,Eastern Europe
2019,91,Ghana,5.148,0.057,87,111,107,109,80,36,103,84,68,36,17,20,Africa,Africa
2019,92,Nepal,5.137,0.981,132,101,117,96,79,34,44,137,108,34,14,77,Asia,Asia
2019,93,Türkiye,5.132,-0.213,76,93,50,46,130,79,64,140,113,79,111,23,Asia,
2019,94,China,5.124,0.146,62,81,64,32,12,112,62,24,5,112,114,134,Asia,Asia
2019,95,Turkmenistan,5.119,-0.509,16,2,76,99,34,6,62,132,18,6,48,5,Asia,Asia
2019,96,Bulgaria,5.102,1.121,45,10,51,66,69,73,133,106,25,73,132,104,Europe,Eastern Europe
2019,97,Morocco,5.095,0.21,101,140,98,85,92,142,63,123,126,142,129,16,Africa,Africa
2019,98,Cameroon,5.085,0.665,107,116,116,125,110,90,84,98,97,90,74,26,Africa,Africa
2019,99,Venezuela,5.053,-1.986,123,46,143,88,132,110,96,41,106,110,70,42,South America,South America
2019,100,Algeria,5.005,-0.417,32,88,77,62,142,49,56,119,36,49,33,65,Africa,Africa
2018,1,Finland,7.769,0.38,5,3,16,18,11,53,4,27,11,53,47,105,Europe,Western Europe
2018,2,Denmark,7.6,-0.093,17,4,9,20,12,29,2,17,29,29,68,96,Europe,Western Europe
2018,3,Norway,7.554,-0.101,6,2,4,10,2,17,7,9,32,17,23,103,Europe,Western Europe
2018,4,Iceland,7.494,0.139,9,1,11,5,8,6,36,10,9,6,59,102,Europe,Western Europe
2018,5,Netherlands,7.488,-0.024,2,10,8,49,16,10,10,28,28,10,28,95,Europe,Western Europe
2018,6,Switzerland,7.48,-0.17,15,16,5,7,14,15,8,24,19,15,14,109,Europe,Western Europe
2018,7,Sweden,7.343,-0.137,13,15,12,11,10,22,6,30,4,22,109,100,Europe,Western Europe
2018,8,New Zealand,7.307,0.086,10,5,23,24,4,18,5,10,7,18,10,82,Oceania,Oceania
2018,9,Canada,7.278,-0.199,30,22,15,17,5,19,11,16,55,19,25,54,North America,North America
2018,10,Austria,7.246,-0.123,9,31,10,16,25,24,17,60,41,24,31,65,Europe,Western Europe
2018,11,Australia,7.228,-0.122,28,9,14,14,19,13,14,54,13,13,13,83,Oceania,Oceania
2018,12,Costa Rica,7.167,-0.09,61,52,53,29,9,73,61,7,92,73,78,51,North America,North America
2018,13,Israel,7.139,-0.162,26,34,29,4,99,26,58,94,67,26,54,85,Asia,Asia
2018,14,Luxembourg,7.09,0.036,3,41,1,5,32,27,12,51,26,27,18,122,Europe,Western Europe
2018,15,United Kingdom,7.054,0.171,23,20,21,27,55,3,13,37,42,3,19,31,Europe,Western Europe
2018,16,Ireland,7.021,-0.055,35,11,3,15,45,7,9,26,33,7,12,35,Europe,Western Europe
2018,17,Germany,6.985,0.313,14,26,11,28,35,25,15,34,46,25,50,61,Europe,Western Europe
2018,18,Belgium,6.923,-0.044,8,17,13,22,66,51,25,65,50,51,48,129,Europe,Western Europe
2018,19,United States,6.892,-0.19,58,39,7,61,57,14,38,22,75,14,11,16,North America,North America
2018,20,Czechia,6.852,0.562,19,19,25,34,74,132,99,67,10,132,108,139,Europe,Eastern Europe
2018,21,United Arab Emirates,6.825,-0.319,74,65,6,25,7,23,62,43,86,23,44,23,Asia,Asia
2018,22,Malta,6.726,0.762,33,14,18,8,13,11,21,69,77,11,42,123,Europe,
2018,23,Mexico,6.595,-0.493,82,60,54,66,65,105,80,6,34,105,93,91,North America,North America
2018,24,France,6.592,-0.172,12,24,20,13,63,59,20,56,68,59,27,128,Europe,Western Europe
2018,25,Taiwan Province of China,6.446,0.225,22,45,19,49,92,76,45,32,1,76,101,116,Asia,Asia
2018,26,Chile,6.444,-0.143,65,47,46,26,76,47,83,25,65,47,86,28,South America,South America
2018,27,Guatemala,6.436,0.471,121,71,87,88,20,55,55,2,56,55,38,60,North America,North America
2018,28,Saudi Arabia,6.375,-0.105,81,56,17,59,49,84,62,58,72,84,103,22,Asia,Asia
2018,29,Qatar,6.374,-0.292,101,52,2,43,57,60,62,61,58,60,69,74,Asia,Asia
2018,30,Spain,6.354,0.032,18,32,24,6,101,43,59,82,102,43,77,41,Europe,
2018,31,Panama,6.321,-0.822,96,38,42,37,46,68,88,1,40,68,66,81,North America,North America
2018,32,Brazil,6.3,-0.549,104,51,62,74,90,89,54,66,97,89,89,78,South America,South America
2018,33,Uruguay,6.293,-0.062,75,27,45,50,36,67,31,14,62,67,75,73,South America,South America
2018,34,Singapore,6.262,-0.284,11,40,2,1,18,33,1,39,2,33,80,118,Asia,Asia
2018,35,El Salvador,6.253,0.444,109,81,90,72,43,95,72,5,58,95,55,88,North America,North America
2018,36,Italy,6.223,0.202,7,30,22,9,119,34,115,98,122,34,81,98,Europe,
2018,37,Bahrain,6.199,0.887,89,64,18,62,25,23,62,50,83,23,43,19,Asia,Asia
2018,38,Slovakia,6.198,0.229,31,23,36,46,87,85,124,68,52,85,82,124,Europe,Eastern Europe
2018,39,Trinidad and Tobago,6.192,-0.327,82,42,40,78,64,40,132,22,80,40,30,9,North America,Caribbean
2018,40,Poland,6.182,0.36,27,58,35,42,39,126,43,88,9,126,133,137,Europe,Eastern Europe
2018,41,Uzbekistan,6.174,0.551,89,25,96,87,1,8,16,31,30,8,96,32,Asia,Asia
2018,42,Lithuania,6.149,0.723,41,18,31,63,109,114,100,126,35,114,102,108,Europe,Eastern Europe
2018,43,Colombia,6.125,-0.291,111,55,66,39,51,100,101,13,84,100,73,67,South America,South America
2018,44,Slovenia,6.118,0.058,40,7,30,19,8,56,89,97,63,56,37,132,Europe,Eastern Europe
2018,45,Nicaragua,6.105,0.598,115,62,100,44,70,61,40,33,124,61,46,74,North America,North America
2018,46,Kosovo,6.1,0.878,99,80,88,49,30,12,128,80,58,12,113,25,Europe,Eastern Europe
2018,47,Argentina,6.086,-0.476,91,43,48,52,52,116,102,38,91,116,88,62,South America,South America
2018,48,Romania,6.07,1.037,71,83,38,62,53,110,127,77,82,110,123,64,Europe,Eastern Europe
2018,49,Cyprus,6.046,-0.42,60,78,28,12,71,35,97,72,80,35,62,76,Europe,
2018,50,Ecuador,6.028,0.163,92,64,82,43,40,88,87,4,93,88,70,69,South America,South America
2018,51,Kuwait,6.021,-0.494,92,67,22,17,41,38,62,73,82,38,89,21,Asia,Asia
2018,52,Thailand,6.008,-0.363,55,54,56,45,24,5,120,12,22,5,90,115,Asia,Asia
2018,53,Latvia,5.94,0.894,25,29,39,64,127,106,70,125,20,106,134,136,Europe,Eastern Europe
2018,54,Republic of Korea,5.895,-0.372,50,89,26,3,130,46,68,104,36,46,92,131,Asia,Asia
2018,55,Estonia,5.893,0.467,29,13,32,38,31,69,24,40,6,69,85,111,Europe,Eastern Europe
2018,56,Jamaica,5.89,0.516,109,49,90,76,48,99,108,49,61,99,25,13,North America,Caribbean
2018,57,Mauritius,5.888,0.411,98,35,51,75,41,54,62,53,3,54,40,110,Africa,Africa
2018,58,Japan,5.886,-0.178,38,50,27,2,79,118,32,78,12,118,107,140,Asia,Asia
2018,59,Honduras,5.86,0.718,133,77,104,91,38,38,73,3,71,38,21,36,North America,North America
2018,60,Kazakhstan,5.809,0.138,36,12,43,77,54,60,85,95,5,60,126,127,Asia,Asia
2018,61,Bolivia,5.779,-0.078,72,76,91,82,44,94,63,55,117,94,65,84,South America,South America
2018,62,Hungary,5.758,0.983,32,8,37,57,112,122,125,99,25,122,140,133,Europe,Eastern Europe
2018,63,Paraguay,5.743,-0.036,82,29,73,74,37,63,86,4,43,63,57,71,South America,South America
2018,64,Afghanistan,5.718,0.255,59,52,51,49,57,60,62,61,58,60,69,74,Asia,
2018,65,Peru,5.697,-0.079,112,69,71,31,56,120,119,11,114,120,67,68,South America,South America
2018,66,Portugal,5.693,0.592,68,48,33,23,34,127,112,79,89,127,104,102,Europe,
2018,67,Pakistan,5.653,0.361,84,117,111,107,81,44,69,131,112,44,119,86,Asia,Asia
2018,68,Russian Federation,5.648,0.184,70,36,34,84,97,81,108,91,23,81,106,94,Europe,Eastern Europe
2018,69,Philippines,5.631,0.646,113,68,94,93,17,99,44,23,119,99,16,42,Asia,
2018,70,Serbia,5.603,0.79,77,63,59,53,94,74,107,123,79,74,124,121,Europe,Eastern Europe
2018,71,Republic of Moldova,5.529,-0.262,48,46,83,76,59,78,131,102,59,78,115,66,Europe,Eastern Europe
2018,72,Libya,5.525,0.185,90,79,68,83,77,80,28,84,121,80,69,4,Africa,Africa
2018,73,Montenegro,5.523,0.224,79,61,52,40,124,49,57,121,100,49,114,93,Europe,Eastern Europe
2018,74,Tajikistan,5.467,1.087,42,53,120,71,66,112,19,85,37,112,8,30,Asia,Asia
2018,75,Croatia,5.432,-0.229,24,33,40,36,113,82,129,128,73,82,121,126,Europe,Eastern Europe
2018,76,Hong Kong SAR of China,5.43,-0.093,28,70,10,49,85,31,11,115,36,31,93,77,Asia,Asia
2018,77,Dominican Republic,5.425,0.462,139,59,58,78,42,97,52,48,74,97,29,49,North America,Caribbean
2018,78,Bosnia and Herzegovina,5.386,0.573,45,72,69,47,116,28,126,107,66,28,116,90,Europe,Eastern Europe
2018,79,Türkiye,5.373,0.028,62,67,47,48,138,93,75,139,98,93,120,48,Asia,
2018,80,Malaysia,5.339,-0.421,16,94,44,67,37,21,117,50,24,21,43,26,Asia,Asia
2018,81,Belarus,5.323,-0.181,21,37,50,69,122,104,41,136,43,104,99,135,Europe,Eastern Europe
2018,82,Greece,5.287,-0.148,51,92,41,21,134,141,106,109,53,141,132,112,Europe,
2018,83,Mongolia,5.285,0.451,46,6,73,92,111,37,98,124,21,37,20,107,Asia,Asia
2018,84,North Macedonia,5.274,0.7,63,66,57,51,91,52,123,127,81,52,137,125,Europe,Eastern Europe
2018,85,Nigeria,5.265,0.017,106,105,110,124,75,71,109,19,54,71,34,3,Africa,Africa
2018,86,Kyrgyzstan,5.261,0.219,37,44,108,73,6,20,122,90,27,20,83,47,Asia,Asia
2018,87,Turkmenistan,5.247,-0.381,1,1,77,96,48,9,62,108,14,9,61,17,Asia,Asia
2018,88,Algeria,5.211,-0.211,44,88,72,60,133,107,51,117,76,107,105,89,Africa,Africa
2018,89,Morocco,5.208,0.323,114,136,95,80,80,140,92,105,126,140,129,27,Africa,Africa
2018,90,Azerbaijan,5.208,0.604,34,97,60,58,82,135,18,122,18,135,139,106,Asia,Asia
2018,91,Lebanon,5.197,0.266,64,75,70,41,128,65,121,134,60,65,128,120,Asia,Asia
2018,92,Indonesia,5.192,-0.156,95,85,85,86,33,1,110,8,78,1,1,37,Asia,Asia
2018,93,China,5.191,0.213,78,95,64,33,28,103,62,47,16,103,122,117,Asia,Asia
2018,94,Viet Nam,5.175,-0.358,20,74,89,68,21,75,78,93,17,75,94,113,Asia,Asia
2018,95,Bhutan,5.082,0.0,2,54,87,80,42,22,28,34,102,22,13,64,Asia,Asia
2018,96,Cameroon,5.044,0.624,125,120,113,125,64,66,113,86,101,66,57,18,Africa,Africa
2018,97,Bulgaria,5.011,1.03,49,21,49,65,100,98,133,111,15,98,138,101,Europe,Eastern Europe
2018,98,Ghana,4.996,-0.095,94,103,103,108,62,45,96,49,49,45,15,20,Africa,Africa
2018,99,Côte d’Ivoire,4.944,0.0,130,129,109,49,107,91,64,74,115,91,95,45,Africa,Africa
2018,100,Nepal,4.913,0.757,127,101,114,95,83,41,47,132,116,41,30,79,Asia,Asia
2017,1,Finland,7.632,0.243,2,2,18,21,3,37,3,23,10,37,49,60,Europe,Western Europe
2017,2,Norway,7.594,-0.061,15,5,4,11,6,8,7,4,25,8,29,55,Europe,Western Europe
2017,3,Denmark,7.555,-0.138,23,4,10,20,5,16,2,14,27,16,54,40,Europe,Western Europe
2017,4,Iceland,7.495,0.14,18,1,11,7,9,7,46,1,2,7,41,80,Europe,Western Europe
2017,5,Switzerland,7.487,-0.163,10,7,5,8,14,13,8,36,20,13,11,118,Europe,Western Europe
2017,6,Netherlands,7.441,-0.071,1,13,9,49,19,6,12,38,15,6,12,70,Europe,Western Europe
2017,7,Canada,7.328,-0.149,13,15,17,19,7,17,11,6,36,17,26,45,North America,North America
2017,8,New Zealand,7.324,0.103,20,3,27,29,8,5,5,22,7,5,5,21,Oceania,Oceania
2017,9,Sweden,7.314,-0.166,31,27,14,12,11,15,6,24,8,15,112,73,Europe,Western Europe
2017,10,Australia,7.272,-0.078,27,6,16,16,22,3,13,39,38,3,6,24,Oceania,Oceania
2017,11,Israel,7.19,-0.111,9,24,32,6,84,25,74,89,70,25,55,79,Asia,Asia
2017,12,Austria,7.139,-0.23,11,36,12,17,34,21,18,59,12,21,50,62,Europe,Western Europe
2017,13,Costa Rica,7.072,-0.185,56,20,57,31,10,71,52,11,68,71,86,39,North America,North America
2017,14,Ireland,6.977,-0.099,29,8,3,18,25,9,10,17,32,9,7,25,Europe,Western Europe
2017,15,Germany,6.965,0.293,6,49,13,28,55,19,14,52,21,19,45,42,Europe,Western Europe
2017,16,Belgium,6.927,-0.04,8,21,15,24,49,27,19,46,47,27,44,75,Europe,Western Europe
2017,17,Luxembourg,6.91,-0.144,4,37,1,4,27,26,9,40,14,26,25,116,Europe,Western Europe
2017,18,United States,6.886,-0.196,42,22,7,61,41,12,37,25,62,12,8,10,North America,North America
2017,19,United Kingdom,6.814,-0.069,14,11,24,26,73,4,16,47,29,4,23,29,Europe,Western Europe
2017,20,United Arab Emirates,6.774,-0.37,53,69,6,27,4,11,62,34,28,11,58,16,Asia,Asia
2017,21,Czechia,6.711,0.421,25,41,29,35,61,90,111,69,39,90,72,142,Europe,Eastern Europe
2017,22,Malta,6.627,0.663,51,12,25,9,15,10,39,73,88,10,51,58,Europe,
2017,23,France,6.489,-0.275,19,16,23,15,58,67,23,42,51,67,31,124,Europe,Western Europe
2017,24,Mexico,6.488,-0.6,75,87,58,67,44,117,79,16,42,117,105,100,North America,North America
2017,25,Chile,6.476,-0.111,64,56,51,32,78,50,91,20,80,50,102,52,South America,South America
2017,26,Taiwan Province of China,6.441,0.22,41,50,21,49,88,49,53,45,1,49,76,85,Asia,Asia
2017,27,Panama,6.43,-0.713,124,31,46,39,28,94,94,8,52,94,62,88,North America,North America
2017,28,Brazil,6.419,-0.43,110,38,65,76,87,114,75,71,92,114,110,107,South America,South America
2017,29,Argentina,6.388,-0.174,94,35,50,52,60,104,95,44,81,104,99,69,South America,South America
2017,30,Guatemala,6.382,0.417,136,75,91,91,20,85,78,3,93,85,38,71,North America,North America
2017,31,Uruguay,6.379,0.024,84,28,49,49,30,74,25,32,74,74,97,84,South America,South America
2017,32,Qatar,6.374,-0.292,101,52,2,43,57,60,62,61,58,60,69,74,Asia,Asia
2017,33,Saudi Arabia,6.371,-0.109,106,67,20,60,72,68,62,54,90,68,117,8,Asia,Asia
2017,34,Singapore,6.343,-0.203,3,44,2,2,12,14,1,30,11,14,9,18,Asia,Asia
2017,35,Malaysia,6.322,0.562,59,79,47,58,31,19,74,36,40,19,33,59,Asia,Asia
2017,36,Spain,6.31,-0.012,35,39,28,5,91,45,72,99,87,45,84,47,Europe,
2017,37,Colombia,6.26,-0.156,112,33,67,40,57,106,118,12,84,106,88,50,South America,South America
2017,38,Trinidad and Tobago,6.192,-0.327,81,25,40,78,47,41,130,21,56,41,30,13,North America,Caribbean
2017,39,Slovakia,6.173,0.204,45,29,39,48,109,55,131,51,31,55,61,136,Europe,Eastern Europe
2017,40,El Salvador,6.167,0.358,101,73,94,79,89,131,68,5,63,131,96,120,North America,North America
2017,41,Nicaragua,6.141,0.634,121,68,103,43,17,69,35,9,95,69,59,65,North America,North America
2017,42,Poland,6.123,0.301,17,54,41,42,62,78,27,111,26,78,98,133,Europe,Eastern Europe
2017,43,Bahrain,6.105,0.793,72,60,19,65,24,23,62,26,78,23,24,6,Asia,Asia
2017,44,Uzbekistan,6.096,0.473,90,9,100,94,1,39,17,31,24,39,68,74,Asia,Asia
2017,45,Kuwait,6.083,-0.432,89,63,22,14,37,35,62,80,91,35,121,3,Asia,Asia
2017,46,Thailand,6.072,-0.299,76,57,60,44,16,22,122,15,43,22,114,129,Asia,Asia
2017,47,Italy,6.0,-0.021,47,23,26,10,124,44,112,94,104,44,82,97,Europe,
2017,48,Ecuador,5.973,0.108,127,65,83,45,39,120,49,10,98,120,79,117,South America,South America
2017,49,Belize,5.956,0.0,99,57,83,49,1,96,92,13,16,96,37,21,North America,North America
2017,50,Lithuania,5.952,0.526,65,18,36,64,96,92,71,103,19,92,77,90,Europe,Eastern Europe
2017,51,Slovenia,5.948,-0.112,50,17,34,23,18,43,87,105,76,43,19,93,Europe,Eastern Europe
2017,52,Romania,5.945,0.912,62,82,44,62,56,93,134,87,41,93,139,57,Europe,Eastern Europe
2017,53,Latvia,5.933,0.887,36,47,43,66,113,89,77,113,44,89,129,141,Europe,Eastern Europe
2017,54,Japan,5.915,-0.149,49,53,30,1,52,100,32,63,9,100,56,144,Asia,Asia
2017,55,Mauritius,5.891,0.414,77,32,55,74,21,29,83,66,5,29,10,46,Africa,Africa
2017,56,Jamaica,5.89,0.516,93,30,95,82,45,107,121,57,53,107,37,28,North America,Caribbean
2017,57,Republic of Korea,5.875,-0.392,55,84,31,3,139,33,101,120,49,33,95,94,Asia,Asia
2017,58,Afghanistan,5.835,0.372,59,52,51,49,57,60,62,61,58,60,69,74,Asia,
2017,59,Russian Federation,5.81,0.346,59,45,38,88,102,87,106,79,18,87,119,103,Europe,Eastern Europe
2017,60,Kazakhstan,5.79,0.119,26,26,48,80,97,53,56,60,6,53,89,132,Asia,Asia
2017,61,Cyprus,5.762,-0.704,91,79,33,13,75,30,102,70,86,30,46,34,Europe,
2017,62,Bolivia,5.752,-0.105,78,95,96,87,38,108,84,78,137,108,64,87,South America,South America
2017,63,Estonia,5.739,0.313,38,14,35,38,43,66,33,33,3,66,92,134,Europe,Eastern Europe
2017,64,Paraguay,5.681,-0.098,97,40,75,70,32,57,81,2,45,57,57,61,South America,South America
2017,65,Peru,5.663,-0.113,114,72,77,30,65,111,126,19,128,111,65,96,South America,South America
2017,66,Kosovo,5.662,0.44,98,90,92,49,48,32,133,91,58,32,124,83,Europe,Eastern Europe
2017,67,Republic of Moldova,5.64,-0.151,44,71,87,77,138,77,135,114,60,77,109,101,Europe,Eastern Europe
2017,68,Turkmenistan,5.636,0.008,5,34,84,100,105,40,62,135,110,40,18,89,Asia,Asia
2017,69,Hungary,5.62,0.845,34,58,42,57,119,82,123,81,13,82,116,127,Europe,Eastern Europe
2017,70,Libya,5.566,0.226,105,78,74,89,81,62,36,82,122,62,52,1,Africa,Africa
2017,71,Philippines,5.524,0.539,116,64,98,96,13,119,41,28,108,119,39,104,Asia,
2017,72,Honduras,5.504,0.362,142,66,106,93,29,52,70,7,57,52,27,54,North America,North America
2017,73,Belarus,5.483,-0.021,22,42,54,71,128,88,31,130,46,88,74,139,Europe,Eastern Europe
2017,74,Türkiye,5.483,0.138,16,59,52,50,122,123,34,144,97,123,127,115,Asia,
2017,75,Pakistan,5.472,0.18,32,121,115,111,110,65,42,134,94,65,113,106,Asia,Asia
2017,76,Hong Kong SAR of China,5.43,-0.093,33,70,8,49,63,18,15,123,23,18,75,36,Asia,Asia
2017,77,Portugal,5.41,0.309,68,43,37,22,26,95,120,96,82,95,94,77,Europe,
2017,78,Serbia,5.398,0.585,92,51,63,56,116,76,103,137,105,76,141,135,Europe,Eastern Europe
2017,79,Greece,5.358,-0.077,95,104,47,25,144,139,116,127,106,139,137,130,Europe,
2017,80,Tajikistan,5.352,0.972,70,126,125,73,59,51,44,106,73,51,15,37,Asia,Asia
2017,81,Montenegro,5.347,0.048,69,55,56,41,127,73,57,133,111,73,128,122,Europe,Eastern Europe
2017,82,Croatia,5.321,-0.34,12,99,45,36,108,72,125,90,99,72,122,143,Europe,Eastern Europe
2017,83,Dominican Republic,5.302,0.339,146,48,64,81,50,91,60,49,67,91,28,27,North America,Caribbean
2017,84,Algeria,5.295,-0.127,54,85,73,59,145,121,40,115,77,121,85,59,Africa,Africa
2017,85,Morocco,5.254,0.369,83,132,99,86,71,145,93,131,103,145,125,23,Africa,Africa
2017,86,China,5.246,0.268,80,98,68,34,40,115,62,67,35,115,134,137,Asia,Asia
2017,87,Azerbaijan,5.201,0.597,24,92,61,63,101,135,29,129,22,135,115,131,Asia,Asia
2017,88,Lebanon,5.199,0.268,48,96,71,46,132,75,128,138,54,75,118,86,Asia,Asia
2017,89,North Macedonia,5.185,0.611,58,86,59,53,94,70,105,141,85,70,144,140,Europe,Eastern Europe
2017,90,Jordan,5.161,-0.253,109,81,97,37,86,118,62,116,126,118,126,15,Asia,Asia
2017,91,Nigeria,5.155,-0.093,141,110,112,126,66,42,90,65,50,42,13,12,Africa,Africa
2017,92,Kyrgyzstan,5.131,0.089,46,52,111,75,46,38,117,84,4,38,81,68,Asia,Asia
2017,93,Bosnia and Herzegovina,5.129,0.316,82,97,72,47,137,34,132,126,65,34,138,125,Europe,Eastern Europe
2017,94,Mongolia,5.125,0.291,57,19,81,95,118,31,110,118,34,31,16,113,Asia,Asia
2017,95,Viet Nam,5.103,-0.43,28,67,93,69,10,89,56,72,30,89,87,86,Asia,Asia
2017,96,Indonesia,5.093,-0.255,86,88,89,90,42,2,127,13,101,2,1,99,Asia,Asia
2017,97,Bhutan,5.082,0.0,2,54,87,80,42,22,28,34,102,22,13,64,Asia,Asia
2017,98,Somalia,4.982,0.0,88,131,139,135,8,106,14,22,20,106,57,10,Africa,Africa
2017,99,Cameroon,4.975,0.555,134,120,117,130,85,99,96,86,121,99,90,17,Africa,Africa
2017,100,Bulgaria,4.933,0.952,39,10,53,68,114,98,129,121,17,98,145,111,Europe,Eastern Europe
2016,1,Norway,7.537,-0.118,9,2,3,12,3,17,13,6,30,17,26,76,Europe,Western Europe
2016,2,Denmark,7.522,-0.171,11,4,10,20,7,18,3,15,28,18,58,42,Europe,Western Europe
2016,3,Iceland,7.504,0.149,8,1,11,9,4,4,35,7,9,4,39,93,Europe,Western Europe
2016,4,Switzerland,7.494,-0.156,20,23,5,8,8,22,7,23,26,22,20,110,Europe,Western Europe
2016,5,Finland,7.469,0.08,5,6,20,21,6,36,5,21,13,36,32,49,Europe,Western Europe
2016,6,Netherlands,7.377,-0.135,2,28,8,49,18,7,14,35,33,7,15,65,Europe,Western Europe
2016,7,Canada,7.316,-0.161,30,30,18,17,15,10,9,22,51,10,16,18,North America,North America
2016,8,New Zealand,7.314,0.093,24,16,27,26,9,6,6,17,27,6,6,23,Oceania,Oceania
2016,9,Australia,7.284,-0.066,21,10,17,16,11,9,11,37,50,9,10,21,Oceania,Oceania
2016,10,Sweden,7.284,-0.196,15,35,14,11,12,16,4,24,22,16,97,58,Europe,Western Europe
2016,11,Israel,7.213,-0.088,16,51,32,7,73,19,63,93,65,19,44,94,Asia,Asia
2016,12,Costa Rica,7.079,-0.178,77,41,55,31,31,58,50,2,74,58,54,26,North America,North America
2016,13,Austria,7.006,-0.363,22,26,12,18,23,25,19,47,21,25,33,64,Europe,Western Europe
2016,14,United States,6.993,-0.089,57,45,7,56,79,13,41,34,67,13,7,8,North America,North America
2016,15,Ireland,6.977,-0.099,37,3,4,19,30,11,10,28,31,11,11,28,Europe,Western Europe
2016,16,Germany,6.951,0.279,29,38,13,30,34,15,16,52,15,15,56,41,Europe,Western Europe
2016,17,Belgium,6.891,-0.076,6,21,15,27,35,42,18,55,64,42,40,82,Europe,Western Europe
2016,18,Luxembourg,6.863,-0.191,4,12,1,6,26,26,8,54,17,26,31,117,Europe,Western Europe
2016,19,United Kingdom,6.714,-0.169,13,5,24,28,54,8,17,40,45,8,29,40,Europe,Western Europe
2016,20,Chile,6.652,0.065,59,70,49,32,112,30,91,11,75,30,100,69,South America,South America
2016,21,United Arab Emirates,6.648,-0.496,79,67,6,29,5,14,62,32,54,14,35,13,Asia,Asia
2016,22,Brazil,6.635,-0.214,113,34,64,75,61,86,51,49,87,86,63,55,South America,South America
2016,23,Czechia,6.609,0.319,18,18,31,34,39,101,113,51,23,101,99,137,Europe,Eastern Europe
2016,24,Argentina,6.599,0.037,73,54,50,54,41,110,88,41,92,110,68,47,South America,South America
2016,25,Mexico,6.578,-0.51,52,49,57,65,81,102,64,10,35,102,103,83,North America,North America
2016,26,Singapore,6.572,0.026,3,29,2,1,19,12,1,27,2,12,42,104,Asia,Asia
2016,27,Malta,6.527,0.563,43,19,26,10,14,3,29,79,112,3,37,87,Europe,
2016,28,Uruguay,6.454,0.099,97,42,48,49,24,71,27,39,76,71,76,35,South America,South America
2016,29,Guatemala,6.454,0.489,129,82,88,88,36,67,68,3,95,67,25,39,North America,North America
2016,30,Panama,6.452,-0.691,122,55,45,37,25,73,80,4,53,73,60,38,North America,North America
2016,31,France,6.442,-0.322,33,53,23,15,65,57,23,46,69,57,24,113,Europe,Western Europe
2016,32,Thailand,6.424,0.053,91,37,61,43,10,5,101,5,34,5,70,66,Asia,Asia
2016,33,Taiwan Province of China,6.422,0.201,55,46,22,49,93,39,65,30,1,39,69,56,Asia,Asia
2016,34,Spain,6.403,0.081,10,11,28,4,76,43,76,85,84,43,102,68,Europe,
2016,35,Qatar,6.375,-0.291,101,52,2,43,57,60,62,61,58,60,69,74,Asia,Asia
2016,36,Colombia,6.357,-0.059,119,56,65,39,48,87,110,20,81,87,72,27,South America,South America
2016,37,Saudi Arabia,6.344,-0.136,65,50,21,58,70,70,62,43,68,70,101,12,Asia,Asia
2016,38,Trinidad and Tobago,6.168,-0.351,82,42,40,78,64,40,132,22,80,40,30,9,North America,Caribbean
2016,39,Kuwait,6.105,-0.41,99,68,16,14,44,45,62,80,94,45,83,7,Asia,Asia
2016,40,Slovakia,6.098,0.129,47,8,39,46,102,56,119,59,47,56,89,126,Europe,Eastern Europe
2016,41,Bahrain,6.087,0.775,93,64,19,61,22,24,62,36,77,24,36,10,Asia,Asia
2016,42,Malaysia,6.084,0.324,59,79,47,58,31,19,74,36,40,19,33,59,Asia,Asia
2016,43,Nicaragua,6.071,0.564,133,66,98,48,94,64,39,14,125,64,45,115,North America,North America
2016,44,Ecuador,6.008,0.143,105,69,80,44,42,68,49,8,113,68,50,44,South America,South America
2016,45,El Salvador,6.003,0.194,120,93,90,76,62,133,59,31,110,133,47,73,North America,North America
2016,46,Poland,5.973,0.151,39,31,40,40,33,69,86,68,42,69,105,116,Europe,Eastern Europe
2016,47,Uzbekistan,5.971,0.348,98,9,97,91,1,28,23,19,6,28,75,48,Asia,Asia
2016,48,Italy,5.964,-0.057,42,24,25,5,119,54,117,83,107,54,95,90,Europe,
2016,49,Russian Federation,5.963,0.499,67,36,38,87,95,105,124,104,4,105,107,128,Europe,Eastern Europe
2016,50,Belize,5.956,0.0,99,57,83,49,1,96,92,13,16,96,37,21,North America,North America
2016,51,Japan,5.92,-0.144,45,43,29,2,47,46,30,57,18,46,73,136,Asia,Asia
2016,52,Lithuania,5.902,0.476,46,14,36,68,122,129,128,119,58,129,122,133,Europe,Eastern Europe
2016,53,Algeria,5.872,0.45,70,107,69,59,125,97,42,115,121,97,90,80,Africa,Africa
2016,54,Latvia,5.85,0.804,23,32,42,62,105,93,98,109,46,93,138,132,Europe,Eastern Europe
2016,55,Republic of Korea,5.838,-0.429,74,83,30,3,126,33,93,108,48,33,79,95,Asia,Asia
2016,56,Republic of Moldova,5.838,0.047,41,72,85,81,129,76,130,106,72,76,77,107,Europe,Eastern Europe
2016,57,Romania,5.825,0.792,85,84,47,60,53,80,127,92,63,80,126,32,Europe,Eastern Europe
2016,58,Bolivia,5.823,-0.034,63,92,92,84,27,83,89,38,120,83,55,54,South America,South America
2016,59,Turkmenistan,5.822,0.194,1,20,82,95,84,52,62,117,62,52,43,99,Asia,Asia
2016,60,Kazakhstan,5.819,0.148,61,22,46,79,67,51,31,81,8,51,71,105,Asia,Asia
2016,61,Afghanistan,5.81,0.347,59,52,51,49,57,60,62,61,58,60,69,74,Asia,
2016,62,Slovenia,5.758,-0.302,69,17,34,23,20,50,82,95,71,50,23,106,Europe,Eastern Europe
2016,63,Peru,5.715,-0.061,101,88,73,22,50,108,97,12,106,108,67,62,South America,South America
2016,64,Mauritius,5.629,0.152,66,75,54,71,56,27,107,53,56,27,9,112,Africa,Africa
2016,65,Cyprus,5.621,-0.845,104,96,33,13,80,41,111,84,102,41,46,50,Europe,
2016,66,Estonia,5.611,0.185,26,15,35,41,43,85,25,74,12,85,57,122,Europe,Eastern Europe
2016,67,Belarus,5.569,0.065,31,25,52,70,109,92,26,133,14,92,65,135,Europe,Eastern Europe
2016,68,Libya,5.525,0.185,128,59,86,86,52,95,31,78,126,95,64,3,Africa,Africa
2016,69,Türkiye,5.5,0.155,103,57,51,50,114,62,46,140,127,62,82,6,Asia,
2016,70,Paraguay,5.493,-0.286,54,13,76,69,37,82,44,1,20,82,121,131,South America,South America
2016,71,Hong Kong SAR of China,5.472,-0.051,36,76,9,49,63,21,12,111,32,21,78,34,Asia,Asia
2016,72,Philippines,5.43,0.445,111,79,95,94,17,96,54,9,79,96,14,67,Asia,
2016,73,Serbia,5.395,0.582,108,47,62,51,121,74,105,135,83,74,130,138,Europe,Eastern Europe
2016,74,Jordan,5.336,-0.078,125,80,93,38,74,75,62,94,93,75,93,46,Asia,Asia
2016,75,Hungary,5.324,0.549,38,44,41,52,130,104,123,100,52,104,123,120,Europe,Eastern Europe
2016,76,Jamaica,5.311,-0.063,109,49,90,76,48,99,108,49,61,99,25,13,North America,Caribbean
2016,77,Croatia,5.293,-0.368,50,90,44,35,107,63,103,112,103,63,108,139,Europe,Eastern Europe
2016,78,Kosovo,5.279,0.057,95,78,89,49,51,32,126,101,58,32,136,52,Europe,Eastern Europe
2016,79,China,5.273,0.295,60,110,70,36,40,135,62,62,5,135,135,130,Asia,Asia
2016,80,Pakistan,5.269,-0.023,51,127,110,107,116,47,55,132,100,47,111,74,Asia,Asia
2016,81,Indonesia,5.262,-0.086,116,95,87,85,49,2,104,25,108,2,1,77,Asia,Asia
2016,82,Venezuela,5.25,-1.789,124,40,129,83,137,121,106,64,128,121,116,84,South America,South America
2016,83,Montenegro,5.237,-0.062,89,62,56,42,128,78,87,122,104,78,120,109,Europe,Eastern Europe
2016,84,Morocco,5.235,0.35,78,121,94,80,57,140,34,72,25,140,131,98,Africa,Africa
2016,85,Azerbaijan,5.234,0.63,12,99,59,66,96,126,21,131,16,126,88,129,Asia,Asia
2016,86,Dominican Republic,5.23,0.267,139,48,63,77,32,79,40,44,73,79,17,22,North America,Caribbean
2016,87,Greece,5.227,-0.208,96,89,43,24,135,131,112,97,101,131,115,71,Europe,
2016,88,Lebanon,5.225,0.294,86,77,68,45,110,40,90,130,66,40,104,81,Asia,Asia
2016,89,Portugal,5.195,0.094,75,39,37,25,46,113,122,71,99,113,80,78,Europe,
2016,90,Bosnia and Herzegovina,5.182,0.369,88,86,75,47,117,31,129,114,89,31,133,59,Europe,Eastern Europe
2016,91,Honduras,5.181,0.039,136,101,101,89,40,49,56,13,82,49,21,53,North America,North America
2016,92,North Macedonia,5.175,0.601,80,61,60,57,98,34,99,102,80,34,106,75,Europe,Eastern Europe
2016,93,Somalia,5.151,0.0,81,132,138,133,13,94,15,18,19,94,48,17,Africa,Africa
2016,94,Viet Nam,5.074,-0.459,27,58,91,67,21,107,61,136,40,107,98,118,Asia,Asia
2016,95,Nigeria,5.074,-0.174,114,87,103,119,64,66,118,26,59,66,30,16,Africa,Africa
2016,96,Tajikistan,5.041,0.661,17,65,119,73,99,89,24,103,37,89,5,85,Asia,Asia
2016,97,Bhutan,5.011,0.0,2,54,87,80,42,22,28,34,102,22,13,64,Asia,Asia
2016,98,Kyrgyzstan,5.004,-0.038,49,33,104,72,58,61,120,67,3,61,96,80,Asia,Asia
2016,99,Nepal,4.962,0.806,109,73,113,97,45,37,74,128,116,37,27,92,Asia,Asia
2016,100,Mongolia,4.955,0.121,19,7,78,93,78,35,114,118,10,35,12,72,Asia,Asia
2015,1,Denmark,7.526,-0.167,13,5,10,21,6,14,4,11,38,14,52,58,Europe,Western Europe
2015,2,Switzerland,7.509,-0.141,35,13,6,12,12,23,5,17,8,23,28,63,Europe,Western Europe
2015,3,Iceland,7.501,0.146,21,2,12,4,7,6,27,18,16,6,46,75,Europe,Western Europe
2015,4,Norway,7.498,-0.157,19,10,4,9,4,8,8,14,34,8,25,73,Europe,Western Europe
2015,5,Finland,7.413,0.024,9,9,21,19,11,26,6,39,22,26,27,51,Europe,Western Europe
2015,6,Canada,7.404,-0.073,12,12,18,15,10,11,15,19,78,11,14,22,North America,North America
2015,7,Netherlands,7.339,-0.173,1,47,9,49,20,9,13,36,27,9,21,50,Europe,Western Europe
2015,8,New Zealand,7.334,0.113,4,1,27,27,5,5,3,16,5,5,6,33,Oceania,Oceania
2015,9,Australia,7.313,-0.037,20,8,17,16,13,3,9,29,35,3,11,16,Oceania,Oceania
2015,10,Sweden,7.291,-0.189,15,17,14,13,8,18,7,26,21,18,96,45,Europe,Western Europe
2015,11,Israel,7.267,-0.034,32,54,32,7,79,28,61,76,60,28,50,81,Asia,Asia
2015,12,Austria,7.119,-0.25,27,19,11,17,22,27,20,33,7,27,43,71,Europe,Western Europe
2015,13,United States,7.104,0.022,54,35,8,54,38,13,37,24,72,13,5,7,North America,North America
2015,14,Costa Rica,7.087,-0.17,104,48,56,26,19,67,52,9,79,67,56,35,North America,North America
2015,16,Germany,6.994,0.322,16,21,13,31,25,20,14,47,28,20,40,57,Europe,Western Europe
2015,17,Brazil,6.952,0.103,102,33,62,75,61,60,56,58,102,60,79,62,South America,South America
2015,18,Belgium,6.929,-0.038,6,44,15,28,30,35,17,34,52,35,37,60,Europe,Western Europe
2015,19,Ireland,6.907,-0.169,28,7,5,20,24,10,11,32,43,10,10,48,Europe,Western Europe
2015,20,Luxembourg,6.871,-0.183,5,15,1,5,9,25,10,44,24,25,26,126,Europe,Western Europe
2015,21,Mexico,6.778,-0.31,79,96,55,63,86,106,40,51,51,106,108,91,North America,North America
2015,22,Singapore,6.739,0.193,11,51,3,2,26,19,2,40,4,19,54,80,Asia,Asia
2015,23,United Kingdom,6.725,-0.158,26,14,24,29,41,7,16,37,41,7,22,34,Europe,Western Europe
2015,24,Chile,6.705,0.118,50,70,50,32,72,43,69,28,108,43,93,41,South America,South America
2015,25,Panama,6.701,-0.442,121,45,45,36,39,46,66,22,66,46,23,39,North America,North America
2015,26,Argentina,6.65,0.088,53,20,49,51,29,109,90,25,91,109,67,69,South America,South America
2015,27,Czechia,6.596,0.306,36,28,31,35,52,84,109,57,29,84,102,135,Europe,Eastern Europe
2015,28,United Arab Emirates,6.573,-0.571,73,72,7,30,15,16,62,46,83,16,61,10,Asia,Asia
2015,29,Uruguay,6.545,0.19,87,41,48,47,14,59,33,8,85,59,62,37,South America,South America
2015,30,Malta,6.488,0.524,42,25,26,10,16,4,30,81,119,4,36,87,Europe,
2015,31,Colombia,6.481,0.065,100,42,65,39,66,90,85,10,80,90,72,44,South America,South America
2015,32,France,6.478,-0.286,41,38,23,14,46,75,28,38,37,75,32,117,Europe,Western Europe
2015,33,Thailand,6.474,0.103,31,52,61,44,27,12,121,1,13,12,83,99,Asia,Asia
2015,34,Saudi Arabia,6.379,-0.101,117,75,20,56,45,45,62,67,103,45,97,9,Asia,Asia
2015,35,Taiwan Province of China,6.379,0.158,38,43,22,49,91,40,93,30,2,40,82,46,Asia,Asia
2015,36,Qatar,6.375,-0.291,101,52,2,43,57,60,62,61,58,60,69,74,Asia,Asia
2015,37,Spain,6.361,0.039,17,6,29,6,83,57,73,52,76,57,84,86,Europe,
2015,38,Algeria,6.355,0.933,36,84,73,51,125,97,42,116,58,97,90,80,Africa,Africa
2015,39,Guatemala,6.324,0.359,135,74,89,90,31,51,72,5,92,51,17,31,North America,North America
2015,40,Suriname,6.269,0.0,59,52,51,49,57,60,62,61,58,60,69,74,South America,South America
2015,41,Kuwait,6.239,-0.276,106,73,16,22,44,29,62,62,101,29,92,4,Asia,Asia
2015,42,Bahrain,6.218,0.906,83,60,19,62,37,24,62,74,89,24,34,15,Asia,Asia
2015,43,Trinidad and Tobago,6.168,-0.351,82,42,40,78,64,40,132,22,80,40,30,9,North America,Caribbean
2015,44,Venezuela,6.084,-0.955,127,29,107,73,132,115,70,2,42,115,106,114,South America,South America
2015,45,Slovakia,6.078,0.109,52,11,39,50,119,83,124,87,69,83,117,133,Europe,Eastern Europe
2015,46,El Salvador,6.068,0.259,126,84,91,82,82,123,63,6,107,123,35,78,North America,North America
2015,47,Malaysia,6.005,0.245,61,76,51,67,96,21,81,41,96,21,20,85,Asia,Asia
2015,48,Nicaragua,5.992,0.485,133,71,99,45,51,52,46,23,113,52,53,108,North America,North America
2015,49,Uzbekistan,5.987,0.364,96,3,98,91,1,15,18,21,1,15,41,18,Asia,Asia
2015,50,Italy,5.977,-0.044,18,31,25,8,122,53,119,79,105,53,95,102,Europe,
2015,51,Ecuador,5.976,0.111,114,58,77,46,58,103,31,7,100,103,90,89,South America,South America
2015,52,Belize,5.956,0.0,99,57,83,49,1,96,92,13,16,96,37,21,North America,North America
2015,53,Japan,5.921,-0.143,37,24,28,1,42,85,29,53,14,85,55,139,Asia,Asia
2015,54,Kazakhstan,5.919,0.248,56,16,43,83,80,54,42,60,12,54,105,116,Asia,Asia
2015,55,Republic of Moldova,5.897,0.106,22,65,87,87,118,99,127,111,75,99,86,118,Europe,Eastern Europe
2015,56,Russian Federation,5.856,0.392,70,22,37,89,94,104,120,96,3,104,113,122,Europe,Eastern Europe
2015,57,Poland,5.835,0.013,46,40,40,41,63,69,67,88,53,69,128,110,Europe,Eastern Europe
2015,58,Republic of Korea,5.835,-0.432,76,92,30,3,114,47,82,107,57,47,80,94,Asia,Asia
2015,59,Bolivia,5.822,-0.035,44,69,94,84,28,79,99,31,133,79,63,54,South America,South America
2015,60,Lithuania,5.813,0.387,49,18,38,71,106,125,122,123,73,125,116,101,Europe,Eastern Europe
2015,61,Belarus,5.802,0.298,59,23,53,72,113,81,32,119,19,81,59,128,Europe,Eastern Europe
2015,62,Afghanistan,5.771,0.308,59,52,51,49,57,60,62,61,58,60,69,74,Asia,
2015,63,Slovenia,5.768,-0.292,67,36,33,25,23,44,112,80,63,44,19,76,Europe,Eastern Europe
2015,64,Peru,5.743,-0.033,105,82,72,18,56,91,107,35,128,91,42,40,South America,South America
2015,65,Turkmenistan,5.658,0.03,10,4,83,95,90,41,62,85,86,41,1,82,Asia,Asia
2015,66,Mauritius,5.648,0.171,70,50,53,68,52,50,74,52,14,50,29,96,Africa,Africa
2015,67,Libya,5.615,0.275,128,50,86,86,70,78,31,75,123,78,76,2,Africa,Africa
2015,68,Latvia,5.56,0.514,25,46,44,65,104,64,65,109,46,64,121,132,Europe,Eastern Europe
2015,69,Cyprus,5.546,-0.92,112,90,34,11,111,30,113,70,131,30,47,68,Europe,
2015,70,Paraguay,5.538,-0.241,72,27,73,69,54,62,100,3,40,62,70,134,South America,South America
2015,71,Romania,5.528,0.495,77,86,47,61,62,93,132,90,94,93,132,47,Europe,Eastern Europe
2015,72,Estonia,5.517,0.091,48,26,35,40,48,96,22,78,18,96,107,123,Europe,Eastern Europe
2015,73,Jamaica,5.51,0.136,109,49,90,76,48,99,108,49,61,99,25,13,North America,Caribbean
2015,74,Croatia,5.488,-0.173,33,91,46,37,92,74,87,106,81,74,125,136,Europe,Eastern Europe
2015,75,Hong Kong SAR of China,5.458,-0.065,28,70,10,49,85,31,11,115,36,31,93,77,Asia,Asia
2015,76,Somalia,5.44,0.0,95,130,140,137,2,117,12,27,20,117,66,3,Africa,Africa
2015,77,Kosovo,5.401,0.179,98,81,90,49,124,34,89,59,58,34,111,64,Europe,Eastern Europe
2015,78,Türkiye,5.389,0.044,120,61,52,52,105,49,64,140,130,49,124,11,Asia,
2015,79,Indonesia,5.314,-0.034,68,80,88,88,68,2,129,15,71,2,3,105,Asia,Asia
2015,80,Jordan,5.303,-0.111,116,67,92,38,73,80,62,94,90,80,119,23,Asia,Asia
2015,81,Azerbaijan,5.291,0.687,23,87,58,68,74,122,23,129,30,122,87,131,Asia,Asia
2015,82,Philippines,5.279,0.294,129,59,97,93,17,89,50,13,117,89,7,53,Asia,
2015,83,China,5.245,0.267,69,83,70,34,40,139,62,68,9,139,139,141,Asia,Asia
2015,84,Bhutan,5.196,0.0,2,63,85,78,43,22,26,45,95,22,13,74,Asia,Asia
2015,85,Kyrgyzstan,5.185,0.143,40,57,106,81,50,37,94,72,11,37,33,55,Asia,Asia
2015,86,Serbia,5.177,0.364,78,77,63,58,128,73,95,135,88,73,138,137,Europe,Eastern Europe
2015,87,Bosnia and Herzegovina,5.163,0.35,113,118,74,48,110,77,131,133,77,77,140,124,Europe,Eastern Europe
2015,88,Montenegro,5.161,-0.138,123,103,57,42,121,102,60,124,109,102,130,125,Europe,Eastern Europe
2015,89,Dominican Republic,5.155,0.192,134,39,64,77,34,76,51,55,82,76,15,24,North America,Caribbean
2015,90,Morocco,5.151,0.266,64,128,96,80,87,141,84,102,65,141,134,61,Africa,Africa
2015,91,Hungary,5.145,0.37,47,56,41,60,125,114,118,77,58,114,127,129,Europe,Eastern Europe
2015,92,Pakistan,5.132,-0.16,62,135,115,108,120,55,44,136,104,55,118,100,Asia,Asia
2015,93,Lebanon,5.129,0.198,86,102,68,49,117,42,111,128,55,42,122,109,Asia,Asia
2015,94,Portugal,5.123,0.022,108,53,36,23,59,95,125,89,125,95,89,79,Europe,
2015,95,North Macedonia,5.121,0.547,103,94,60,59,101,68,76,117,84,68,131,127,Europe,Eastern Europe
2015,96,Viet Nam,5.061,-0.472,34,62,93,70,10,48,56,104,47,48,74,56,Asia,Asia
2015,98,Tunisia,5.045,0.219,63,127,84,55,88,138,71,131,97,138,120,77,Africa,Africa
2015,99,Greece,5.033,-0.402,92,66,42,24,131,132,75,83,74,132,129,113,Europe,
2015,100,Tajikistan,4.996,0.616,57,64,122,76,40,88,48,86,26,88,73,83,Asia,Asia
2015,101,Mongolia,4.907,0.073,39,34,75,97,93,33,114,125,32,33,12,93,Asia,Asia
2015,102,Lao PDR,4.876,0.089,84,112,94,87,21,51,39,56,87,51,96,124,Asia,Asia
2014,1,Switzerland,7.587,-0.063,8,3,4,7,3,29,7,15,21,29,41,59,Europe,Western Europe
2014,2,Iceland,7.561,0.206,9,1,11,5,8,6,36,10,9,6,59,102,Europe,Western Europe
2014,3,Denmark,7.527,-0.166,23,4,10,20,5,25,3,21,47,25,57,56,Europe,Western Europe
2014,4,Norway,7.522,-0.133,20,12,3,10,1,14,9,6,24,14,30,41,Europe,Western Europe
2014,5,Canada,7.427,-0.05,30,21,16,14,6,10,13,14,69,10,5,12,North America,North America
2014,6,Finland,7.406,0.017,15,6,20,24,9,39,5,31,26,39,33,31,Europe,Western Europe
2014,7,Netherlands,7.378,-0.134,4,25,8,49,14,5,16,23,39,5,18,36,Europe,Western Europe
2014,8,Sweden,7.364,-0.116,10,15,14,8,4,13,4,13,33,13,79,46,Europe,Western Europe
2014,9,New Zealand,7.286,0.065,25,10,25,29,10,6,6,5,27,6,4,18,Oceania,Oceania
2014,10,Australia,7.284,-0.066,37,18,17,15,12,7,14,41,61,7,12,17,Oceania,Oceania
2014,11,Israel,7.278,-0.023,13,40,30,13,86,31,79,106,77,31,63,134,Asia,Asia
2014,12,Costa Rica,7.226,-0.031,91,23,56,27,11,51,63,10,91,51,37,16,North America,North America
2014,13,Austria,7.2,-0.169,42,35,11,16,24,24,22,49,12,24,31,42,Europe,Western Europe
2014,14,Mexico,7.187,0.099,88,95,55,63,60,82,27,32,45,82,73,83,North America,North America
2014,15,United States,7.119,0.037,77,32,7,49,31,12,43,18,84,12,6,3,North America,North America
2014,16,Brazil,6.983,0.134,83,36,60,78,83,92,46,50,79,92,95,94,South America,South America
2014,17,Luxembourg,6.946,-0.108,9,49,1,6,7,20,8,33,13,20,22,104,Europe,Western Europe
2014,18,Ireland,6.94,-0.136,24,1,6,19,13,9,10,44,44,9,11,32,Europe,Western Europe
2014,19,Belgium,6.937,-0.03,26,8,15,26,32,38,19,37,66,38,46,48,Europe,Western Europe
2014,20,United Arab Emirates,6.901,-0.243,87,74,5,30,12,16,62,49,60,16,41,35,Asia,Asia
2014,21,United Kingdom,6.867,-0.016,48,24,23,25,33,4,18,42,64,4,28,21,Europe,Western Europe
2014,22,Oman,6.853,0.0,121,71,40,49,25,29,62,37,43,29,77,17,Asia,Asia
2014,23,Venezuela,6.81,-0.229,102,31,83,71,117,121,83,11,59,121,107,101,South America,South America
2014,24,Singapore,6.798,0.252,5,71,2,2,40,15,2,25,16,15,40,84,Asia,Asia
2014,25,Panama,6.786,-0.357,123,51,45,37,22,45,92,9,67,45,32,71,North America,North America
2014,26,Germany,6.75,0.078,22,13,13,28,20,28,17,43,20,28,29,26,Europe,Western Europe
2014,27,Chile,6.67,0.083,76,58,49,31,75,19,51,8,81,19,83,77,South America,South America
2014,28,Qatar,6.611,-0.055,101,52,2,43,57,60,62,61,58,60,69,74,Asia,Asia
2014,29,France,6.575,-0.189,45,47,22,12,51,73,32,34,36,73,34,98,Europe,Western Europe
2014,30,Argentina,6.574,0.012,85,20,47,51,69,98,95,28,51,98,101,87,South America,South America
2014,31,Czechia,6.505,0.215,68,46,31,33,53,89,114,76,48,89,100,135,Europe,Eastern Europe
2014,32,Uruguay,6.485,0.13,81,33,44,44,16,74,20,16,65,74,75,68,South America,South America
2014,33,Colombia,6.477,0.061,105,29,67,36,52,86,112,3,82,86,69,22,South America,South America
2014,34,Thailand,6.455,0.084,65,14,62,43,19,2,123,29,10,2,93,85,Asia,Asia
2014,35,Saudi Arabia,6.411,-0.069,124,76,19,52,65,54,62,65,106,54,85,8,Asia,Asia
2014,36,Spain,6.329,0.007,31,7,28,3,71,47,94,60,121,47,66,47,Europe,
2014,37,Malta,6.302,0.338,54,11,26,11,17,3,35,88,123,3,43,67,Europe,
2014,38,Taiwan Province of China,6.298,0.077,38,52,21,49,89,27,101,30,2,27,64,35,Asia,Asia
2014,39,Kuwait,6.295,-0.22,104,67,12,17,41,38,62,73,82,38,89,21,Asia,Asia
2014,40,Suriname,6.269,0.0,59,52,51,49,57,60,62,61,58,60,69,74,South America,South America
2014,41,Trinidad and Tobago,6.168,-0.351,82,42,40,78,64,40,132,22,80,40,30,9,North America,Caribbean
2014,42,El Salvador,6.13,0.321,126,85,96,76,61,133,57,7,115,133,71,88,North America,North America
2014,43,Guatemala,6.123,0.158,127,65,91,88,37,43,73,4,101,43,10,14,North America,North America
2014,44,Uzbekistan,6.003,0.38,78,5,102,93,2,59,21,51,1,59,7,33,Asia,Asia
2014,45,Slovakia,5.995,0.026,50,17,38,46,108,83,121,84,75,83,109,127,Europe,Eastern Europe
2014,46,Japan,5.987,-0.077,52,34,27,1,39,79,26,59,22,79,42,133,Asia,Asia
2014,47,Republic of Korea,5.984,-0.283,99,111,29,4,110,50,86,102,86,50,58,69,Asia,Asia
2014,48,Ecuador,5.975,0.11,98,68,75,45,81,115,34,2,102,115,111,114,South America,South America
2014,49,Bahrain,5.96,0.648,115,64,18,61,25,23,62,50,83,23,43,19,Asia,Asia
2014,50,Italy,5.948,-0.073,66,38,24,5,109,55,124,69,124,55,78,70,Europe,
2014,51,Bolivia,5.89,0.033,43,72,99,85,25,66,84,27,134,66,55,49,South America,South America
2014,52,Republic of Moldova,5.889,0.098,40,82,90,83,111,103,126,115,70,103,89,116,Europe,Eastern Europe
2014,53,Paraguay,5.878,0.099,56,2,74,67,66,60,53,1,35,60,112,138,South America,South America
2014,54,Kazakhstan,5.855,0.184,80,86,40,86,54,46,74,64,11,46,47,63,Asia,Asia
2014,55,Slovenia,5.848,-0.212,70,27,32,21,23,36,118,97,93,36,21,66,Europe,Eastern Europe
2014,56,Lithuania,5.833,0.407,47,28,37,69,128,127,132,109,89,127,124,125,Europe,Eastern Europe
2014,57,Nicaragua,5.828,0.321,134,64,103,48,45,49,40,20,117,49,67,76,North America,North America
2014,58,Peru,5.824,0.048,74,75,73,23,78,106,106,38,107,106,82,105,South America,South America
2014,59,Belarus,5.813,0.309,51,45,51,77,104,68,38,103,34,68,81,122,Europe,Eastern Europe
2014,60,Poland,5.791,-0.031,75,19,41,38,26,62,115,63,42,62,96,62,Europe,Eastern Europe
2014,61,Malaysia,5.77,0.01,95,55,50,62,49,18,91,53,71,18,17,23,Asia,Asia
2014,62,Croatia,5.759,0.098,57,123,46,34,125,30,122,116,88,30,76,89,Europe,Eastern Europe
2014,63,Libya,5.754,0.414,97,75,81,87,76,75,31,89,116,75,70,17,Africa,Africa
2014,64,Russian Federation,5.716,0.252,69,16,34,91,70,129,104,86,6,129,70,126,Europe,Eastern Europe
2014,65,Jamaica,5.709,0.335,137,50,95,72,48,70,100,55,104,70,14,5,North America,Caribbean
2014,66,Afghanistan,5.695,0.232,59,52,51,49,57,60,62,61,58,60,69,74,Asia,
2014,67,Cyprus,5.689,-0.777,121,99,33,9,82,35,102,67,133,35,48,37,Europe,
2014,68,Algeria,5.605,0.183,19,77,69,59,125,97,42,111,15,97,90,95,Africa,Africa
2014,69,Kosovo,5.589,0.367,33,117,98,49,133,61,56,113,58,61,104,132,Europe,Eastern Europe
2014,70,Turkmenistan,5.548,-0.08,62,26,86,94,50,52,62,87,7,52,61,80,Asia,Asia
2014,71,Mauritius,5.477,0.0,60,93,54,74,43,26,108,40,41,26,24,102,Africa,Africa
2014,72,Hong Kong SAR of China,5.474,-0.049,39,66,9,49,38,11,12,93,57,11,86,38,Asia,Asia
2014,73,Estonia,5.429,0.003,46,22,35,42,63,87,30,83,28,87,72,100,Europe,Eastern Europe
2014,74,Indonesia,5.399,0.051,17,30,92,87,80,8,134,35,56,8,15,119,Asia,Asia
2014,75,Viet Nam,5.36,-0.173,32,88,100,68,10,76,56,78,54,76,90,52,Asia,Asia
2014,76,Türkiye,5.332,-0.013,112,54,52,50,103,53,54,140,129,53,94,10,Asia,
2014,77,Kyrgyzstan,5.286,0.244,61,37,109,84,72,17,113,85,17,17,19,54,Asia,Asia
2014,78,Nigeria,5.268,0.02,114,98,108,118,71,55,112,33,72,55,22,9,Africa,Africa
2014,79,Bhutan,5.253,0.0,1,44,89,81,41,21,29,24,109,21,13,53,Asia,Asia
2014,80,Azerbaijan,5.212,0.608,7,84,57,73,76,123,31,130,38,123,65,113,Asia,Asia
2014,81,Pakistan,5.194,-0.098,90,136,116,109,121,44,37,135,95,44,103,117,Asia,Asia
2014,82,Jordan,5.192,-0.222,130,78,94,39,77,99,62,94,105,99,137,78,Asia,Asia
2014,83,Montenegro,5.192,-0.107,118,56,58,40,130,37,55,117,126,37,130,130,Europe,Eastern Europe
2014,84,China,5.14,0.162,36,74,77,35,40,132,62,54,3,132,139,140,Asia,Asia
2014,85,Zambia,5.129,0.123,122,116,120,126,46,93,77,75,113,93,35,13,Africa,Africa
2014,86,Romania,5.124,0.091,107,106,48,60,67,78,133,108,116,78,133,51,Europe,Eastern Europe
2014,87,Serbia,5.123,0.31,93,94,63,57,123,40,119,136,110,40,134,139,Europe,Eastern Europe
2014,88,Portugal,5.102,0.001,109,57,36,22,36,80,130,66,125,80,87,61,Europe,
2014,89,Latvia,5.098,0.052,59,42,43,66,95,58,71,89,43,58,119,124,Europe,Eastern Europe
2014,90,Philippines,5.073,0.088,133,79,101,92,18,77,62,17,118,77,9,44,Asia,
2014,92,Morocco,5.013,0.128,90,130,95,79,76,138,74,107,94,138,125,39,Africa,Africa
2014,93,North Macedonia,5.007,0.433,110,87,61,58,106,48,99,99,103,48,123,81,Europe,Eastern Europe
2014,94,Mozambique,4.971,0.0,135,106,131,117,55,103,35,93,106,103,31,93,Africa,Africa
2014,95,Albania,4.959,-0.591,131,128,82,32,74,72,110,104,120,72,118,55,Europe,Eastern Europe
2014,96,Bosnia and Herzegovina,4.949,0.136,100,91,79,41,135,23,135,133,73,23,126,136,Europe,Eastern Europe
2014,97,Lesotho,4.898,0.0,59,52,51,49,57,60,62,61,58,60,69,74,Africa,Africa
2014,98,Dominican Republic,4.885,-0.078,143,39,66,79,15,63,52,26,97,63,20,24,North America,Caribbean
2014,99,Lao PDR,4.876,0.089,84,112,94,87,21,51,39,56,87,51,96,124,Asia,Asia
2014,100,Mongolia,4.874,0.04,21,9,76,97,68,34,117,127,14,34,23,99,Asia,Asia
2014,101,Eswatini,4.867,0.0,59,52,51,49,57,60,62,61,58,60,69,74,Africa,Africa
